source_frame,captured_unix,physical_time_since_arm_s,match_score,pixel_u_subpixel,pixel_v_subpixel,measured_x_mm,measured_y_mm,fitted_x_mm,contact_model,fitted_vx_mm_s
839,1785837817.051307917,29.007243872,0.999999940,664.026689638,265.469723832,30.754890616,17.861436437,30.711996514,1,0.000000000
840,1785837817.116672993,29.072608948,0.817948520,663.875972961,265.061923088,30.735260841,17.809003324,30.711996514,1,0.000000000
841,1785837817.135854006,29.091789961,0.841024160,663.777514904,265.142943534,30.722700934,17.819181160,30.711996514,1,0.000000000
842,1785837817.156397104,29.112333059,0.787621737,662.150510279,264.932603874,30.513943545,17.789242980,30.711996514,1,0.000000000
843,1785837817.181936979,29.137872934,0.689052224,658.645356502,264.853045086,30.064287873,17.772515270,30.244313247,0,-13.565568662
844,1785837817.251919985,29.207855940,0.897824526,664.263278551,265.554587266,30.785282112,17.872729443,30.711996514,1,0.000000000
845,1785837817.271435976,29.227371931,0.914686441,664.193184370,265.270664924,30.776081511,17.836289772,30.711996514,1,0.000000000
846,1785837817.298083067,29.254019022,0.892907500,664.180663300,265.225533853,30.774442230,17.830494899,30.711996514,1,0.000000000
847,1785837817.316382885,29.272318840,0.899187505,664.165101370,265.244926773,30.772462187,17.832945941,30.711996514,1,0.000000000
848,1785837817.381062984,29.336998940,0.675040781,660.556338300,265.116031366,30.309635737,17.809729780,30.260827370,0,-16.828430473
849,1785837817.406406879,29.362342834,0.718428612,660.543541864,264.799343579,30.307756195,17.769194162,30.241266833,0,15.353126676
850,1785837817.426566839,29.382502794,0.830172837,664.860322110,264.530999409,30.861029093,17.742948079,30.711996514,1,0.000000000
851,1785837817.445684910,29.401620865,0.891631305,664.577509296,265.761045205,30.825716745,17.899716047,30.711996514,1,0.000000000
852,1785837817.516438961,29.472374916,0.887406111,664.032678937,265.088296426,30.755368663,17.812668440,30.711996514,1,0.000000000
853,1785837817.536787987,29.492723942,0.884342253,664.059481625,265.153880945,30.758854203,17.821105700,30.711996514,1,0.000000000
854,1785837817.556835175,29.512771130,0.854485571,663.213544273,265.148965737,30.650405467,17.818899598,30.711996514,1,0.000000000
855,1785837817.580890894,29.536826849,0.739083529,660.966066260,265.036605188,30.362127386,17.800334260,30.272211859,0,-19.164467976
856,1785837817.651191950,29.607127905,0.869962513,663.758075489,265.762323706,30.720679034,17.898357186,30.711996514,1,0.000000000
857,1785837817.671350002,29.627285957,0.876544654,663.739774385,265.302329728,30.717983849,17.839494490,30.711996514,1,0.000000000
858,1785837817.692294836,29.648230791,0.837226689,663.622474375,265.186753474,30.702858961,17.824494877,30.711996514,1,0.000000000
859,1785837817.710537910,29.666473866,0.819057584,663.498161105,265.146334176,30.686891736,17.819093830,30.711996514,1,0.000000000
860,1785837817.776719093,29.732655048,0.783515394,660.930433858,264.592093496,30.357222623,17.743406537,30.382606129,0,-25.739372812
861,1785837817.800933123,29.756869078,0.745252252,659.609619803,264.231391514,30.187532091,17.694788729,30.104663145,0,3.868399692
862,1785837817.821782112,29.777718067,0.765898168,661.518354788,263.866137612,30.432074724,17.651650523,30.451849431,0,28.250225915
863,1785837817.841825962,29.797761917,0.872320294,664.827665496,264.504692836,30.856823577,17.739523051,30.711996514,1,0.000000000
864,1785837817.917050838,29.872986794,0.806023598,662.809040978,264.855311846,30.598322190,17.780587379,30.711996514,1,0.000000000
865,1785837817.936130047,29.892066002,0.804113448,662.836965034,264.929940186,30.601958903,17.790184325,30.711996514,1,0.000000000
866,1785837817.956524134,29.912460089,0.780323923,662.384310088,264.833300141,30.543847511,17.776978453,30.711996514,1,0.000000000
867,1785837817.981395960,29.937331915,0.715204477,660.207325464,265.051647623,30.264820205,17.800841981,30.288850183,0,-22.685903504
868,1785837818.051409960,30.007345915,0.846985161,664.514442944,265.789116248,30.817654501,17.903188685,30.711996514,1,0.000000000
869,1785837818.071778059,30.027714014,0.893737614,663.993421242,265.405257506,30.750577069,17.853130121,30.711996514,1,0.000000000
870,1785837818.091898918,30.047834873,0.867906809,663.841466993,265.382348956,30.731080766,17.849917463,30.711996514,1,0.000000000
871,1785837818.106829166,30.062765121,0.833206832,663.629846008,265.357689537,30.703933656,17.846369676,30.711996514,1,0.000000000
872,1785837818.176542997,30.132478952,0.716989100,661.443457903,265.009278030,30.423331924,17.797729972,30.438920343,0,-29.465785534
873,1785837818.201580048,30.157516003,0.712620318,658.564248801,264.951298329,30.053954673,17.784934639,30.050305215,0,-0.001686503
874,1785837818.225743055,30.181679010,0.773870885,660.774173875,264.512747692,30.337121578,17.732964196,30.412916648,0,28.574936371
875,1785837818.245333910,30.201269865,0.817545593,665.168900723,264.810932566,30.900790709,17.779320705,30.711996514,1,0.000000000
876,1785837818.330574036,30.286509991,0.807587206,663.264807305,265.138751586,30.656969850,17.817688875,30.711996514,1,0.000000000
877,1785837818.351690054,30.307626009,0.784714580,662.989135053,264.965964250,30.621496027,17.795075835,30.711996514,1,0.000000000
878,1785837818.382215977,30.338151932,0.726585507,660.570954489,264.892977143,30.311342667,17.781223254,30.308001095,0,-25.671203695
879,1785837818.401255846,30.357191801,0.712415814,657.868673907,264.783848963,29.964576195,17.762209158,30.028975031,0,-2.782199793
880,1785837818.466180086,30.422116041,0.898237705,663.832110781,265.597350939,30.730044593,17.877396414,30.711996514,1,0.000000000
881,1785837818.486117125,30.442053080,0.846032619,663.364470477,265.105760328,30.669721882,17.813655414,30.711996514,1,0.000000000
882,1785837818.509232044,30.465167999,0.828621387,663.234961940,265.138156752,30.653143112,17.817557136,30.711996514,1,0.000000000
883,1785837818.532483101,30.488419056,0.828894615,663.189605011,265.136039111,30.647326543,17.817201707,30.711996514,1,0.000000000
884,1785837818.611274004,30.567209959,0.675272822,657.645978032,264.549124459,29.935823377,17.731758525,30.025655418,0,7.865832650
885,1785837818.631232023,30.587167978,0.700044215,661.540113433,263.943439386,30.434923351,17.661578912,30.419328370,0,30.298894888
886,1785837818.651064157,30.607000113,0.807177544,665.033837935,264.357198032,30.883135286,17.721048611,30.711996514,1,0.000000000
887,1785837818.671705008,30.627640963,0.881889641,663.756335544,265.519794307,30.720271916,17.867336766,30.711996514,1,0.000000000
888,1785837818.736924887,30.692860842,0.795505941,663.162410141,264.969014096,30.643713461,17.795789404,30.711996514,1,0.000000000
889,1785837818.766622066,30.722558022,0.769899786,662.282587876,264.750642622,30.530741846,17.766216198,30.711996514,1,0.000000000
890,1785837818.791733980,30.747669935,0.729186296,659.872393636,264.670377575,30.221570418,17.751440633,30.126753977,0,-19.185993246
891,1785837818.811001062,30.766937017,0.731466413,657.716666268,264.436214632,29.944810342,17.717443830,29.987754189,0,5.185277541
892,1785837818.881243944,30.837179899,0.819720626,663.526771189,265.219969295,30.690615337,17.828564454,30.711996514,1,0.000000000
893,1785837818.901424885,30.857360840,0.844279945,663.166778514,265.084942100,30.644361348,17.810624096,30.711996514,1,0.000000000
894,1785837818.920171976,30.876107931,0.831109345,663.097110792,265.076411449,30.635423049,17.809403086,30.711996514,1,0.000000000
895,1785837818.951859951,30.907795906,0.807456493,662.953338659,264.913558260,30.616866902,17.788306466,30.711996514,1,0.000000000
896,1785837819.016346216,30.972282171,0.724732220,658.279349327,264.477104627,30.017044350,17.723730363,29.989813577,0,9.714566027
897,1785837819.036525965,30.992461920,0.774796426,661.756476634,264.224824471,30.462881506,17.697976276,30.422656685,0,31.755714581
