timestamp_ns,time_s,x_mm,y_mm,frequency_hz
1785248965706257000,0.002889375,-32.57907485961914,54.79996109008789,5.0
1785248965741148000,0.037782,-32.58281707763672,54.81199264526367,5.0
1785248965775846000,0.072480625,-32.471435546875,54.813255310058594,5.0
1785248965805605000,0.10224,-32.56128692626953,54.81465148925781,5.0
1785248965890737000,0.187372375,-32.467132568359375,54.81378936767578,5.0
1785248965921152000,0.217787875,-32.67258071899414,54.81590270996094,5.0
1785248965949765000,0.246402125,-32.60151672363281,54.815181732177734,5.0
1785248965986195000,0.282832125,-32.138912200927734,54.81045913696289,5.0
1785248966070474000,0.367112333,-32.15871047973633,54.91840362548828,5.0
1785248966094996000,0.391635833,-32.16267013549805,54.93999099731445,5.0
1785248966119971000,0.41661,-32.163211822509766,54.83656692504883,5.0
1785248966146308000,0.442947625,-32.05125427246094,54.814735412597656,5.0
1785248966224618000,0.521258583,-32.140926361083984,54.81151580810547,5.0
1785248966249388000,0.546029041,-32.04679489135742,54.80972671508789,5.0
1785248966275081000,0.571722666,-32.02796936035156,54.80936813354492,5.0
1785248966300779000,0.597421666,-32.24835968017578,54.81158447265625,5.0
1785248966391653000,0.688300125,-32.29243469238281,54.81203079223633,5.0
1785248966421366000,0.718010083,-32.30125045776367,54.81211853027344,5.0
1785248966450499000,0.747143416,-32.30301284790039,54.812137603759766,5.0
1785248966479646000,0.776291416,-32.191280364990234,54.810997009277344,5.0
1785248966561191000,0.857836833,-32.1689338684082,54.810768127441406,5.0
1785248966597014000,0.893661208,-32.16446304321289,54.81072235107422,5.0
1785248966626296000,0.922943291,-32.275657653808594,54.811859130859375,5.0
1785248966656112000,0.952759666,-32.1855583190918,54.70319747924805,5.0
1785248966742191000,1.038839875,-32.167537689208984,54.68146514892578,5.0
1785248966771269000,1.067919,-32.05211639404297,54.78371810913086,5.0
1785248966801195000,1.09784475,-32.14085006713867,54.69757080078125,5.0
1785248966827871000,1.124520791,-32.27093505859375,54.78922653198242,5.0
1785248966911633000,1.208284791,-32.29695129394531,54.80755615234375,5.0
1785248966946405000,1.243057375,-32.302154541015625,54.81122589111328,5.0
1785248966976151000,1.272803166,-32.30319595336914,54.81195831298828,5.0
1785248967006974000,1.303626875,-32.415260314941406,54.70549011230469,5.0
1785248967092071000,1.388725,-32.3258171081543,54.790809631347656,5.0
1785248967121330000,1.417984875,-32.41978454589844,54.701263427734375,5.0
1785248967151356000,1.44801125,-32.32672119140625,54.78996658325195,5.0
1785248967181259000,1.477914,-32.308109283447266,54.80770492553711,5.0
1785248967266254000,1.562910416,-32.192298889160156,54.81010818481445,5.0
1785248967296534000,1.593190916,-32.28122329711914,54.81173324584961,5.0
1785248967330733000,1.627391416,-32.299007415771484,54.81205749511719,5.0
1785248967361935000,1.658593833,-32.30256652832031,54.81212615966797,5.0
1785248967446751000,1.74341025,-32.30327606201172,54.812137603759766,5.0
1785248967476090000,1.77274975,-32.19132995605469,54.810997009277344,5.0
1785248967512213000,1.808874291,-32.281028747558594,54.811912536621094,5.0
1785248967541855000,1.838516333,-32.29896926879883,54.812095642089844,5.0
1785248967625981000,1.922643458,-32.30255889892578,54.8121337890625,5.0
1785248967656802000,1.953465208,-32.30327606201172,54.81214141845703,5.0
1785248967685965000,1.982628083,-32.30342102050781,54.81214141845703,5.0
1785248967716986000,2.013650875,-32.415306091308594,54.705528259277344,5.0
1785248967807500000,2.104166125,-32.3255729675293,54.683067321777344,5.0
1785248967838199000,2.134865291,-32.30787658691406,54.78632736206055,5.0
1785248967866444000,2.163110541,-32.30434036254883,54.806976318359375,5.0
1785248967902360000,2.199027625,-32.30363082885742,54.81110763549805,5.0
1785248967991422000,2.288090208,-32.303489685058594,54.81193542480469,5.0
1785248968022144000,2.318812541,-32.303462982177734,54.81209945678711,5.0
1785248968052321000,2.34899,-32.3034553527832,54.8121337890625,5.0
1785248968082119000,2.378788375,-32.3034553527832,54.81214141845703,5.0
1785248968171338000,2.468009333,-32.3034553527832,54.81214141845703,5.0
1785248968201736000,2.498407416,-32.3034553527832,54.81214141845703,5.0
1785248968231510000,2.528182083,-32.3034553527832,54.81214141845703,5.0
1785248968261374000,2.558046375,-32.3034553527832,54.81214141845703,5.0
1785248968347562000,2.644235625,-32.3034553527832,54.81214141845703,5.0
1785248968376303000,2.672977791,-32.3034553527832,54.81214141845703,5.0
1785248968406358000,2.703033208,-32.3034553527832,54.81214141845703,5.0
1785248968436425000,2.733101375,-32.415565490722656,54.81328582763672,5.0
1785248968526123000,2.822799875,-32.32587814331055,54.81237030029297,5.0
1785248968556374000,2.853051458,-32.30793762207031,54.81218719482422,5.0
1785248968588758000,2.885435625,-32.304351806640625,54.81214904785156,5.0
1785248968616398000,2.913075208,-32.41574478149414,54.81328582763672,5.0
1785248968706391000,3.003070333,-32.32591247558594,54.81237030029297,5.0
1785248968736400000,3.033079666,-32.307945251464844,54.81218719482422,5.0
1785248968766865000,3.063544791,-32.304351806640625,54.81214904785156,5.0
1785248968796285000,3.09296575,-32.30363464355469,54.81214141845703,5.0
1785248968882248000,3.17892975,-32.303489685058594,54.81214141845703,5.0
1785248968911539000,3.208221458,-32.303462982177734,54.81214141845703,5.0
1785248968943494000,3.240177,-32.3034553527832,54.81214141845703,5.0
1785248968971355000,3.26803775,-32.3034553527832,54.81214141845703,5.0
1785248969057096000,3.35378025,-32.3034553527832,54.81214141845703,5.0
1785248969086288000,3.382973041,-32.3034553527832,54.81214141845703,5.0
1785248969116487000,3.413171875,-32.3034553527832,54.81214141845703,5.0
1785248969147722000,3.444408041,-32.3034553527832,54.81214141845703,5.0
1785248969231340000,3.528028083,-32.3034553527832,54.81214141845703,5.0
1785248969263117000,3.559804875,-32.191368103027344,54.810997009277344,5.0
1785248969292399000,3.589087708,-32.168949127197266,54.810768127441406,5.0
1785248969321086000,3.617774208,-32.38866424560547,54.813011169433594,5.0
1785248969407528000,3.704218875,-32.32049560546875,54.81231689453125,5.0
1785248969436093000,3.732783291,-32.306861877441406,54.81217575073242,5.0
1785248969468098000,3.764790041,-32.30413818359375,54.81214904785156,5.0
1785248969501675000,3.7983665,-32.41570281982422,54.81328582763672,5.0
1785248969592228000,3.888921666,-32.325904846191406,54.81237030029297,5.0
1785248969621559000,3.918252291,-32.4200553894043,54.813331604003906,5.0
1785248969651345000,3.948038375,-32.43888473510742,54.81352233886719,5.0
1785248969681990000,3.978684,-32.33053970336914,54.812416076660156,5.0
1785248969771467000,4.068162291,-32.30887222290039,54.81219482421875,5.0
1785248969813283000,4.109979375,-32.30453872680664,54.81215286254883,5.0
1785248969841584000,4.138280541,-32.303672790527344,54.81214141845703,5.0
1785248969872498000,4.169195333,-32.303497314453125,54.81214141845703,5.0
1785248969961082000,4.257780583,-32.303462982177734,54.81214141845703,5.0
1785248969991698000,4.2883965,-32.3034553527832,54.81214141845703,5.0
1785248970020524000,4.317222625,-32.3034553527832,54.81214141845703,5.0
1785248970051243000,4.3479435,-32.3034553527832,54.81214141845703,5.0
1785248970136824000,4.433525125,-32.3034553527832,54.81214141845703,5.0
1785248970166449000,4.463149833,-32.3034553527832,54.81214141845703,5.0
1785248970197360000,4.494061958,-32.3034553527832,54.81214141845703,5.0
1785248970224507000,4.521209416,-32.41530990600586,54.705528259277344,5.0
1785248970311555000,4.608260166,-32.3255729675293,54.683067321777344,5.0
1785248970341435000,4.638138916,-32.30787658691406,54.78632736206055,5.0
1785248970376928000,4.673633,-32.3040885925293,54.69922637939453,5.0
1785248970406873000,4.703578333,-32.41543960571289,54.682945251464844,5.0
1785248970501393000,4.798099708,-32.325599670410156,54.678550720214844,5.0
1785248970530677000,4.82738425,-32.307884216308594,54.785423278808594,5.0
1785248970561272000,4.857980125,-32.30434036254883,54.80679702758789,5.0
1785248970591780000,4.888488416,-32.415740966796875,54.812217712402344,5.0
1785248970676812000,4.973521583,-32.32591247558594,54.812156677246094,5.0
1785248970706392000,5.0031015,-32.4200553894043,54.813289642333984,5.0
1785248970736880000,5.033590625,-32.43888473510742,54.813514709472656,5.0
1785248970768205000,5.064915,-32.33053970336914,54.812416076660156,5.0
1785248970856271000,5.152983625,-32.30887222290039,54.81219482421875,5.0
1785248970888032000,5.184744541,-32.30453872680664,54.81215286254883,5.0
1785248970916337000,5.213050083,-32.303672790527344,54.81214141845703,5.0
1785248970946564000,5.243277083,-32.303497314453125,54.81214141845703,5.0
1785248971030167000,5.326882875,-32.303462982177734,54.81214141845703,5.0
1785248971062413000,5.359129416,-32.191368103027344,54.810997009277344,5.0
1785248971092381000,5.389096625,-32.281036376953125,54.811912536621094,5.0
1785248971121968000,5.418684083,-32.41107940673828,54.81324005126953,5.0
1785248971211027000,5.507745166,-32.324981689453125,54.81236267089844,5.0
1785248971245980000,5.542696875,-32.307762145996094,54.81218719482422,5.0
1785248971275710000,5.572428166,-32.304317474365234,54.81214904785156,5.0
1785248971305304000,5.602023958,-32.41548538208008,54.705528259277344,5.0
1785248971385578000,5.682297375,-32.32560729980469,54.683067321777344,5.0
1785248971420684000,5.71740475,-32.41999435424805,54.787471771240234,5.0
1785248971449943000,5.746664208,-32.32676315307617,54.80720520019531,5.0
1785248971475240000,5.771961083,-32.42022705078125,54.81229782104492,5.0
1785248971551303000,5.848025791,-32.43891906738281,54.813316345214844,5.0
1785248971586268000,5.882991375,-32.33054733276367,54.8123779296875,5.0
1785248971616571000,5.913295041,-32.420982360839844,54.813331604003906,5.0
1785248971645319000,5.942042916,-32.326961517333984,54.8123779296875,5.0
1785248971725777000,6.022502208,-32.30815505981445,54.81218719482422,5.0
1785248971756841000,6.053568,-32.30439376831055,54.81214904785156,5.0
1785248971786144000,6.082870375,-32.30364227294922,54.81214141845703,5.0
1785248971815951000,6.112677875,-32.415348052978516,54.705528259277344,5.0
1785248971901302000,6.198030166,-32.43794250488281,54.791961669921875,5.0
1785248971932105000,6.228833916,-32.44246292114258,54.80924987792969,5.0
1785248971961060000,6.257790083,-32.443111419677734,54.70494842529297,5.0
1785248971992659000,6.289389541,-32.443241119384766,54.68408966064453,5.0
1785248972076676000,6.373406541,-32.33141326904297,54.786529541015625,5.0
1785248972108875000,6.405606708,-32.42115783691406,54.808162689208984,5.0
1785248972136448000,6.433180166,-32.43910598754883,54.8124885559082,5.0
1785248972166264000,6.462995208,-32.33058547973633,54.81221008300781,5.0
1785248972253804000,6.550537833,-32.30887985229492,54.812156677246094,5.0
1785248972281869000,6.578604375,-32.30453872680664,54.8121452331543,5.0
1785248972312638000,6.609373,-32.303672790527344,54.81214141845703,5.0
1785248972341609000,6.638343708,-32.41560745239258,54.81328582763672,5.0
1785248972426613000,6.723349666,-32.32588577270508,54.81237030029297,5.0
1785248972453872000,6.750607875,-32.30794143676758,54.81218719482422,5.0
1785248972485894000,6.782631208,-32.304351806640625,54.81214904785156,5.0
1785248972517376000,6.814113666,-32.41574478149414,54.81328582763672,5.0
1785248972602131000,6.898870208,-32.43802261352539,54.813514709472656,5.0
1785248972636806000,6.933545583,-32.44247817993164,54.813560485839844,5.0
1785248972665369000,6.96210925,-31.211536407470703,54.90863800048828,5.0
1785248972696155000,6.992894791,-32.19692611694336,54.72482681274414,5.0
1785248972781285000,7.0780265,-31.843963623046875,59.20945739746094,5.0
1785248972811632000,7.108373791,-30.765316009521484,60.09244918823242,5.0
1785248972841640000,7.138382708,-32.228797912597656,59.536888122558594,5.0
1785248972870285000,7.167027958,-32.063621520996094,55.43162536621094,5.0
1785248972956292000,7.253036541,-31.58206558227539,54.39076232910156,5.0
1785248972986817000,7.283561458,-31.374515533447266,54.50450134277344,5.0
1785248973016149000,7.312894125,-29.76727294921875,54.296470642089844,5.0
1785248973046553000,7.343298083,-32.020713806152344,54.819068908691406,5.0
1785248973135816000,7.432563208,-32.91986846923828,54.820396423339844,5.0
1785248973166325000,7.463072833,-33.3244514465332,54.930789947509766,5.0
1785248973202578000,7.499327083,-33.40536880493164,54.95286560058594,5.0
1785248973310649000,7.607399375,-32.5230827331543,54.51704788208008,5.0
1785248973393487000,7.690237166,-32.23479461669922,54.5364990234375,5.0
1785248973421432000,7.718183208,-32.176883697509766,54.43265914916992,5.0
1785248973452208000,7.748960583,-32.053489685058594,54.51850128173828,5.0
1785248973537404000,7.834156666,-32.14012145996094,54.2136116027832,5.0
1785248973567511000,7.864265583,-32.15769958496094,54.26035690307617,5.0
1785248973596285000,7.89303875,-32.27329635620117,54.27081298828125,5.0
1785248973786355000,8.083112833,-32.63329315185547,54.491756439208984,5.0
1785248973865868000,8.162625708,-33.04264831542969,54.86274719238281,5.0
1785248973897158000,8.193916708,-33.79878616333008,55.15964126586914,5.0
1785248973981742000,8.278501708,-33.38771438598633,54.8896598815918,5.0
1785248974011617000,8.308377541,-33.754634857177734,54.840248107910156,5.0
1785248974041888000,8.338649333,-33.4906005859375,54.61127471923828,5.0
1785248974076145000,8.372906625,-31.97797966003418,53.58176040649414,5.0
1785248974162195000,8.458957541,-29.66385841369629,53.679710388183594,5.0
1785248974196469000,8.493231833,-29.20124053955078,53.806800842285156,5.0
1785248974226092000,8.522855625,-28.66262435913086,53.935394287109375,5.0
1785248974256173000,8.552937666,-26.551225662231445,54.37086868286133,5.0
1785248974340991000,8.637755875,-30.364290237426758,52.67060852050781,5.0
1785248974371600000,8.668366458,-31.014995574951172,52.3296012878418,5.0
1785248974400991000,8.697757166,-31.033485412597656,52.36803436279297,5.0
1785248974430209000,8.72697575,-20.061248779296875,53.98748779296875,5.0
1785248974516096000,8.812863791,-14.469108581542969,54.27727508544922,5.0
1785248974546522000,8.843290875,-11.931499481201172,54.32099151611328,5.0
1785248974576870000,8.873638625,-10.00819206237793,54.209381103515625,5.0
1785248974606200000,8.902969625,-8.536773681640625,54.070213317871094,5.0
1785248974692717000,8.98948825,-4.454127311706543,53.899314880371094,5.0
1785248974721733000,9.018503708,-2.559553384780884,53.85459899902344,5.0
1785248974747515000,9.044287,-0.9970214366912842,53.83408737182617,5.0
1785248974776317000,9.073090333,0.4967707395553589,53.81843948364258,5.0
1785248974862499000,9.159271041,4.539283275604248,53.98885726928711,5.0
1785248974892178000,9.188951625,6.413017272949219,54.0123405456543,5.0
1785248974921396000,9.218170791,8.1700439453125,54.1081428527832,5.0
1785248974952086000,9.248860541,10.006168365478516,54.11240005493164,5.0
1785248975041565000,9.33834175,14.069868087768555,54.284969329833984,5.0
1785248975071138000,9.367914166,16.039409637451172,54.30766677856445,5.0
1785248975098126000,9.394902875,17.58786392211914,54.3004150390625,5.0
1785248975126791000,9.423569166,19.049396514892578,54.1830940246582,5.0
1785248975211258000,9.50803825,22.784622192382812,54.020965576171875,5.0
1785248975246226000,9.543006958,24.675010681152344,53.97705841064453,5.0
1785248975281937000,9.578716916,26.81515884399414,53.84705352783203,5.0
1785248975310561000,9.607341958,28.691383361816406,53.910057067871094,5.0
1785248975396535000,9.693316458,32.66887283325195,53.6803092956543,5.0
1785248975426131000,9.722913583,34.59098434448242,53.417266845703125,5.0
1785248975461338000,9.758120583,35.99616241455078,52.94321823120117,5.0
1785248975492222000,9.789005541,37.496620178222656,51.912208557128906,5.0
1785248975575541000,9.872325166,41.14928436279297,51.06275177001953,5.0
1785248975607817000,9.90460225,42.99369430541992,50.78160858154297,5.0
1785248975636131000,9.932915958,44.575313568115234,50.613548278808594,5.0
1785248975671224000,9.968010291,46.302574157714844,50.36470031738281,5.0
1785248975756694000,10.053481291,50.059844970703125,49.77991485595703,5.0
1785248975786325000,10.083112375,52.21202087402344,49.652835845947266,5.0
1785248975816345000,10.113133041,53.84037399291992,49.61876678466797,5.0
1785248975846281000,10.143069875,55.16334915161133,49.706199645996094,5.0
1785248975936272000,10.233061916,59.1046257019043,50.202491760253906,5.0
1785248975966170000,10.262959958,61.17953109741211,50.49385070800781,5.0
1785248975996490000,10.293280833,62.68238067626953,50.846351623535156,5.0
1785248976027551000,10.324342791,64.16513061523438,51.008018493652344,5.0
1785248976118492000,10.415285375,66.93193054199219,52.63056564331055,5.0
1785248976151177000,10.44797075,68.6636734008789,53.34605407714844,5.0
1785248976182041000,10.478834583,69.99549102783203,54.28351974487305,5.0
1785248976211683000,10.508477083,71.1439437866211,54.863441467285156,5.0
1785248976296959000,10.593755083,74.01599884033203,56.454254150390625,5.0
1785248976325663000,10.622458875,75.56446838378906,57.161224365234375,5.0
1785248976356406000,10.653202916,77.04004669189453,57.688270568847656,5.0
1785248976386065000,10.682861916,78.2069091796875,57.982383728027344,5.0
1785248976470627000,10.767425333,81.05162811279297,58.90521240234375,5.0
1785248976501145000,10.797943833,82.4822006225586,58.8780517578125,5.0
1785248976527527000,10.824326541,83.44206237792969,59.06271743774414,5.0
1785248976556076000,10.852875791,84.30961608886719,59.48887634277344,5.0
1785248976646032000,10.942832708,87.34487915039062,59.33390808105469,5.0
1785248976675935000,10.972736,87.85801696777344,59.4036979675293,5.0
1785248976712235000,11.009037,88.151123046875,59.41492462158203,5.0
1785248976741104000,11.037906208,88.11450958251953,59.41853332519531,5.0
1785248976826242000,11.123045708,88.20242309570312,59.41789245605469,5.0
1785248976856015000,11.152819375,88.02952575683594,59.420494079589844,5.0
1785248976886643000,11.183448583,87.89968872070312,59.42237854003906,5.0
1785248976916280000,11.2130845,87.96897888183594,59.421390533447266,5.0
1785248977006629000,11.30343625,87.98283386230469,59.42119216918945,5.0
1785248977036257000,11.33306375,87.79373168945312,59.3244514465332,5.0
1785248977066359000,11.363165458,87.4699935913086,59.30917739868164,5.0
1785248977096516000,11.393323875,86.92837524414062,59.31292724609375,5.0
1785248977181202000,11.478011333,85.00945281982422,59.73827362060547,5.0
1785248977210828000,11.507637208,84.04845428466797,59.63228225708008,5.0
1785248977243707000,11.540518083,83.08537292480469,59.32279968261719,5.0
1785248977271776000,11.568586125,81.9287109375,58.97492218017578,5.0
1785248977351586000,11.648397458,78.51583862304688,58.849456787109375,5.0
1785248977380873000,11.677685458,76.76563262939453,58.53839874267578,5.0
1785248977417722000,11.714534458,75.14968872070312,57.99165725708008,5.0
1785248977445650000,11.742462791,73.65408325195312,57.2951545715332,5.0
1785248977538250000,11.835064458,72.0727767944336,55.66451644897461,5.0
1785248977565965000,11.862780166,70.77711486816406,54.94721984863281,5.0
1785248977596266000,11.89308075,69.63367462158203,54.31034851074219,5.0
1785248977631318000,11.928133833,68.125732421875,53.49143981933594,5.0
1785248977719984000,12.0168015,64.77022552490234,52.34833908081055,5.0
1785248977749698000,12.046516291,62.71445083618164,51.6269645690918,5.0
1785248977781394000,12.0782125,60.91551971435547,50.988826751708984,5.0
1785248977808384000,12.105202458,59.66215896606445,50.56481170654297,5.0
1785248977896261000,12.193080458,55.730079650878906,49.8997802734375,5.0
1785248977926893000,12.223713666,53.346065521240234,49.67681121826172,5.0
1785248977955348000,12.252169041,51.668853759765625,49.640892028808594,5.0
1785248977982242000,12.279061875,50.12965393066406,49.540550231933594,5.0
1785248978071716000,12.368539083,46.000125885009766,50.0587272644043,5.0
1785248978102122000,12.398946,43.75981903076172,50.37773895263672,5.0
1785248978132747000,12.4295715,41.99531936645508,50.656654357910156,5.0
1785248978161488000,12.458312625,40.42463302612305,50.92723083496094,5.0
1785248978246696000,12.543521458,36.544342041015625,51.73052978515625,5.0
1785248978276713000,12.573538833,34.54011535644531,52.107940673828125,5.0
1785248978306371000,12.603196958,32.70408630371094,52.608821868896484,5.0
1785248978335712000,12.632538041,31.00044822692871,53.031219482421875,5.0
1785248978420904000,12.717731875,27.462087631225586,54.28565979003906,5.0
1785248978451440000,12.748268583,25.819229125976562,54.23527145385742,5.0
1785248978481632000,12.778462833,24.345592498779297,53.8217658996582,5.0
1785248978511386000,12.808215583,22.90674591064453,53.958106994628906,5.0
1785248978601579000,12.898409958,22.618976593017578,53.985374450683594,5.0
1785248978631375000,12.928206208,21.623306274414062,54.104209899902344,5.0
1785248978661673000,12.958503666,20.37950897216797,54.13855743408203,5.0
1785248978691531000,12.988363666,14.140731811523438,54.20608139038086,5.0
1785248978781760000,13.078593333,8.758867263793945,54.05155563354492,5.0
1785248978810929000,13.107763583,6.404622554779053,53.92831039428711,5.0
1785248978847390000,13.144224041,4.226081371307373,53.920501708984375,5.0
1785248978876640000,13.173475,2.2921314239501953,53.9337158203125,5.0
1785248978963055000,13.259891875,-2.1804544925689697,53.87096405029297,5.0
1785248978994720000,13.291557416,-4.046693801879883,53.8679084777832,5.0
1785248979028211000,13.32504775,-6.368211269378662,53.780399322509766,5.0
1785248979056299000,13.353136958,-8.460712432861328,53.8847541809082,5.0
1785248979151227000,13.44806625,-11.275298118591309,54.14165115356445,5.0
1785248979181027000,13.477866833,-13.47747802734375,54.2093391418457,5.0
1785248979212434000,13.509273666,-15.342230796813965,54.343631744384766,5.0
1785248979241783000,13.538623875,-18.794292449951172,54.29454803466797,5.0
1785248979330916000,13.627758041,-19.374897003173828,54.92472839355469,5.0
1785248979367133000,13.663975291,-19.491018295288086,55.05076599121094,5.0
1785248979396801000,13.69364475,-19.51424217224121,55.07597351074219,5.0
1785248979426235000,13.723079166,-27.7318115234375,55.16706466674805,5.0
1785248979511913000,13.808758208,-31.726032257080078,55.10212707519531,5.0
1785248979540717000,13.837560875,-32.412723541259766,55.087974548339844,5.0
1785248979567734000,13.864579458,-32.43792724609375,55.083984375,5.0
1785248979596879000,13.893724541,-32.330604553222656,54.97425842285156,5.0
1785248979687200000,13.984047291,-32.19704818725586,54.95116424560547,5.0
1785248979717482000,14.014329958,-32.28242874145508,54.947696685791016,5.0
1785248979746664000,14.043513,-32.299503326416016,54.94700241088867,5.0
1785248979778414000,14.0752635,-32.190826416015625,54.945709228515625,5.0
1785248979866084000,14.162935125,-32.05702209472656,54.944297790527344,5.0
1785248979896111000,14.192961333,-32.142330169677734,54.94517135620117,5.0
1785248979931263000,14.228114083,-32.38359451293945,54.947654724121094,5.0
1785248979961029000,14.257881041,-32.31973648071289,54.94699478149414,5.0
1785248980050794000,14.347648166,-32.082801818847656,54.94455337524414,5.0
1785248980082775000,14.379628458,-32.147735595703125,55.0529670715332,5.0
1785248980111241000,14.408094833,-32.04865646362305,55.073486328125,5.0
1785248980142743000,14.439597291,-31.468788146972656,55.07176971435547,5.0
1785248980236364000,14.533220583,-29.564088821411133,55.05284118652344,5.0
1785248980266542000,14.563397958,-28.067848205566406,55.03746795654297,5.0
1785248980295857000,14.592713708,-26.98910140991211,55.02629852294922,5.0
1785248980326151000,14.623008916,-25.883712768554688,55.01482009887695,5.0
1785248980421176000,14.71803375,-26.774532318115234,54.80931854248047,5.0
1785248980455975000,14.7528345,-26.952695846557617,54.768218994140625,5.0
1785248980487724000,14.784583458,-26.877016067504883,54.75886154174805,5.0
1785248980516523000,14.813382583,-18.351253509521484,54.243621826171875,5.0
1785248980606524000,14.903385333,-12.817060470581055,54.10281753540039,5.0
1785248980637007000,14.93386925,-10.511862754821777,53.95668029785156,5.0
1785248980665954000,14.962816208,-8.963430404663086,53.91682434082031,5.0
1785248980696576000,14.99343925,-6.917873859405518,53.99779510498047,5.0
1785248980781748000,15.07861225,-2.5138261318206787,53.97459030151367,5.0
1785248980811868000,15.108733,-0.4504397213459015,53.958290100097656,5.0
1785248980840518000,15.137384041,1.2498878240585327,54.04767608642578,5.0
1785248980871359000,15.168224416,2.9818201065063477,54.15692901611328,5.0
1785248980956073000,15.252939375,7.1657891273498535,54.35004425048828,5.0
1785248980986162000,15.283029416,9.27581787109375,54.270877838134766,5.0
1785248981017084000,15.313951458,10.862852096557617,54.243247985839844,5.0
1785248981046233000,15.343100833,12.870782852172852,54.220603942871094,5.0
1785248981151605000,15.448474541,16.954580307006836,54.38720703125,5.0
1785248981182385000,15.479255083,19.23754119873047,54.40542221069336,5.0
1785248981210224000,15.507094458,20.634775161743164,54.399375915527344,5.0
1785248981237880000,15.534751541,22.791030883789062,54.37883377075195,5.0
1785248981326286000,15.62315925,27.059778213500977,54.02470779418945,5.0
1785248981357248000,15.654120875,29.360828399658203,54.146087646484375,5.0
1785248981386783000,15.683656791,31.058391571044922,54.260986328125,5.0
1785248981417258000,15.714132333,32.52803039550781,54.066001892089844,5.0
1785248981501218000,15.798093291,35.78667068481445,52.865352630615234,5.0
1785248981531705000,15.828581583,37.86409378051758,52.09855651855469,5.0
1785248981561362000,15.858238833,39.29607391357422,51.628482818603516,5.0
1785248981592053000,15.888930083,40.69866943359375,51.217506408691406,5.0
1785248981680919000,15.977796916,44.7213134765625,50.59382629394531,5.0
1785248981716822000,16.013700125,46.8345947265625,50.25486755371094,5.0
1785248981746526000,16.043405291,48.66341018676758,49.97260284423828,5.0
1785248981776135000,16.073013958,50.23228454589844,49.80545425415039,5.0
1785248981860683000,16.157563583,53.94190979003906,49.5442008972168,5.0
1785248981891433000,16.188314,55.87916946411133,49.584808349609375,5.0
1785248981921520000,16.218401666,57.75905227661133,49.88593673706055,5.0
1785248981951068000,16.24795025,59.226932525634766,50.14033508300781,5.0
1785248982038535000,16.335418416,63.17897415161133,50.8692626953125,5.0
1785248982066712000,16.363595666,65.15083312988281,51.206825256347656,5.0
1785248982096963000,16.393847375,66.33651733398438,51.87200164794922,5.0
1785248982126316000,16.4232005,67.16815185546875,52.60386657714844,5.0
1785248982212153000,16.509038958,69.89151763916016,54.13298416137695,5.0
1785248982241198000,16.538083458,71.51277160644531,54.829010009765625,5.0
1785248982271225000,16.568111916,72.81912231445312,55.76032638549805,5.0
1785248982301216000,16.598103916,74.05757904052734,56.43662643432617,5.0
1785248982385377000,16.682265875,77.4149169921875,57.53448486328125,5.0
1785248982416193000,16.713082791,79.05596160888672,58.141353607177734,5.0
1785248982445568000,16.742457916,80.44597625732422,58.448265075683594,5.0
1785248982472348000,16.769238083,81.49818420410156,58.898536682128906,5.0
1785248982561970000,16.858862333,84.01913452148438,59.653995513916016,5.0
1785248982593232000,16.8901235,85.47960662841797,59.791107177734375,5.0
1785248982622420000,16.919312708,86.72373962402344,59.60557556152344,5.0
1785248982651350000,16.948243041,87.82903289794922,59.4566650390625,5.0
1785248982735829000,17.032723666,88.05142211914062,59.526302337646484,5.0
1785248982765591000,17.062485083,87.90406799316406,59.44354248046875,5.0
1785248982795733000,17.092628208,87.9698486328125,59.42562484741211,5.0
1785248982827888000,17.124784708,88.0769271850586,59.321258544921875,5.0
1785248982916157000,17.213054291,88.09967041015625,59.399803161621094,5.0
1785248982946003000,17.242900083,88.00764465332031,59.31745147705078,5.0
1785248982976365000,17.273262791,87.89398193359375,59.30234146118164,5.0
1785248983006708000,17.303607208,87.96783447265625,59.39738464355469,5.0
1785248983091974000,17.388873458,87.8873519897461,59.41775894165039,5.0
1785248983121043000,17.417943791,87.96650695800781,59.420467376708984,5.0
1785248983150665000,17.447566,87.98233795166016,59.4210090637207,5.0
1785248983180537000,17.477438333,87.79363250732422,59.32441329956055,5.0
1785248983264881000,17.561787708,87.85118103027344,59.303733825683594,5.0
1785248983297339000,17.594242041,87.86268615722656,59.299598693847656,5.0
1785248983326054000,17.622957333,88.05549621582031,59.29605484008789,5.0
1785248983355178000,17.652081458,88.00013732910156,59.39612579345703,5.0
1785248983440506000,17.737411541,88.08431243896484,59.41477584838867,5.0
1785248983471110000,17.768015208,87.91064453125,59.421234130859375,5.0
