global_episode,worker_episode,seed,success,success_bool,steps,final_distance_to_goal
1,1,0,0,False,1000,8.441328048706055
2,2,1,1,True,351,0.7950430512428284
3,3,2,0,False,1000,6.141452312469482
4,4,3,1,True,124,0.7865669131278992
5,5,4,0,False,1000,4.940335750579834
6,6,5,1,True,40,0.7743456959724426
7,7,6,1,True,50,0.7843597531318665
8,8,7,0,False,1000,4.626410007476807
9,9,8,0,False,1000,6.457581043243408
10,10,9,1,True,58,0.7743656039237976
11,11,10,0,False,1000,6.027759552001953
12,12,11,0,False,1000,5.164114475250244
13,13,12,1,True,54,0.7686747908592224
14,14,13,0,False,1000,5.817883491516113
15,15,14,0,False,1000,6.106498718261719
16,16,15,1,True,497,0.7483082413673401
17,17,16,0,False,1000,4.9765849113464355
18,18,17,1,True,68,0.7686142325401306
19,19,18,1,True,85,0.7675734758377075
20,20,19,0,False,1000,5.113983631134033
21,21,20,0,False,1000,5.637433052062988
22,22,21,1,True,825,0.794044017791748
23,23,22,1,True,91,0.7947075366973877
24,24,23,1,True,78,0.7724696397781372
25,25,24,1,True,82,0.7856272459030151
26,26,25,0,False,1000,4.115633487701416
27,27,26,1,True,305,0.7971151471138
28,28,27,1,True,55,0.780098557472229
29,29,28,1,True,104,0.6983799338340759
30,30,29,1,True,40,0.7910791039466858
31,31,30,1,True,79,0.7965124249458313
32,32,31,1,True,861,0.7936522364616394
33,33,32,1,True,368,0.7834473252296448
34,34,33,1,True,162,0.7860087752342224
35,35,34,1,True,141,0.7748602032661438
36,36,35,0,False,1000,7.445242404937744
37,37,36,0,False,1000,1.9335438013076782
38,38,37,1,True,327,0.7817152738571167
39,39,38,0,False,1000,4.537596702575684
40,40,39,0,False,1000,4.845704078674316
41,41,40,0,False,1000,5.154662132263184
42,42,41,0,False,1000,3.9613163471221924
43,43,42,0,False,1000,4.700661659240723
44,44,43,1,True,56,0.7792466878890991
45,45,44,1,True,191,0.7754254937171936
46,46,45,1,True,296,0.7796341776847839
47,47,46,1,True,202,0.7545545697212219
48,48,47,1,True,164,0.7967139482498169
49,49,48,0,False,1000,3.2541542053222656
50,50,49,1,True,20,0.7603687047958374
51,1,50,1,True,170,0.7691260576248169
52,2,51,0,False,1000,3.940519094467163
53,3,52,0,False,1000,7.634023666381836
54,4,53,0,False,1000,3.711503505706787
55,5,54,0,False,1000,4.314201354980469
56,6,55,1,True,751,0.7989829182624817
57,7,56,0,False,1000,7.432745456695557
58,8,57,1,True,779,0.7592688798904419
59,9,58,0,False,1000,5.58890962600708
60,10,59,1,True,115,0.763577401638031
61,11,60,0,False,1000,4.642765045166016
62,12,61,0,False,1000,6.595404624938965
63,13,62,0,False,1000,2.9760820865631104
64,14,63,0,False,1000,7.302623271942139
65,15,64,1,True,222,0.7833472490310669
66,16,65,1,True,66,0.7878798246383667
67,17,66,1,True,312,0.7984676361083984
68,18,67,0,False,1000,6.271223068237305
69,19,68,0,False,1000,5.172366619110107
70,20,69,1,True,58,0.7874494791030884
71,21,70,1,True,832,0.7807131409645081
72,22,71,0,False,1000,5.904134273529053
73,23,72,1,True,184,0.7717463970184326
74,24,73,0,False,1000,5.696501731872559
75,25,74,1,True,454,0.7953745722770691
76,26,75,1,True,38,0.7919319272041321
77,27,76,0,False,1000,4.718765735626221
78,28,77,1,True,748,0.7990307211875916
79,29,78,0,False,1000,4.591108798980713
80,30,79,1,True,249,0.750744104385376
81,31,80,0,False,1000,3.062390089035034
82,32,81,0,False,1000,7.643669128417969
83,33,82,0,False,1000,7.792585372924805
84,34,83,0,False,1000,4.688275337219238
85,35,84,0,False,1000,5.106395244598389
86,36,85,1,True,173,0.7837918996810913
87,37,86,1,True,160,0.7803531885147095
88,38,87,0,False,1000,5.113420486450195
89,39,88,0,False,1000,5.0798187255859375
90,40,89,1,True,946,0.773264467716217
91,41,90,1,True,350,0.7768251299858093
92,42,91,0,False,1000,1.6811702251434326
93,43,92,1,True,590,0.7928181290626526
94,44,93,1,True,411,0.7841238379478455
95,45,94,1,True,930,0.7892208099365234
96,46,95,0,False,1000,4.89961576461792
97,47,96,1,True,278,0.7621079683303833
98,48,97,0,False,1000,5.360297679901123
99,49,98,1,True,36,0.7899526953697205
100,50,99,0,False,1000,0.925108015537262
101,1,100,0,False,1000,4.943994998931885
102,2,101,1,True,469,0.7815929651260376
103,3,102,1,True,196,0.7712430953979492
104,4,103,1,True,887,0.7918839454650879
105,5,104,1,True,29,0.7987095713615417
106,6,105,1,True,480,0.7844957709312439
107,7,106,1,True,51,0.7608553767204285
108,8,107,0,False,1000,4.747983455657959
109,9,108,1,True,326,0.7900358438491821
110,10,109,0,False,1000,5.692898750305176
111,11,110,1,True,853,0.7882925271987915
112,12,111,1,True,319,0.7767242789268494
113,13,112,1,True,19,0.7807650566101074
114,14,113,1,True,180,0.7541841268539429
115,15,114,0,False,1000,7.169277191162109
116,16,115,0,False,1000,7.897748947143555
117,17,116,1,True,158,0.7607793211936951
118,18,117,1,True,212,0.7504708766937256
119,19,118,0,False,1000,7.122494220733643
120,20,119,1,True,109,0.7958626747131348
121,21,120,1,True,188,0.7908627390861511
122,22,121,1,True,75,0.7507167458534241
123,23,122,1,True,131,0.7957661747932434
124,24,123,1,True,496,0.7958957552909851
125,25,124,1,True,103,0.7624587416648865
126,26,125,0,False,1000,6.31398344039917
127,27,126,0,False,1000,5.90996789932251
128,28,127,0,False,1000,2.355675220489502
129,29,128,1,True,128,0.7967466115951538
130,30,129,1,True,489,0.7848193645477295
131,31,130,1,True,160,0.7730730175971985
132,32,131,1,True,57,0.7905479073524475
133,33,132,1,True,765,0.771129846572876
134,34,133,0,False,1000,0.9501554369926453
135,35,134,1,True,24,0.7629241347312927
136,36,135,1,True,187,0.7900485396385193
137,37,136,0,False,1000,5.1874566078186035
138,38,137,1,True,97,0.7597616910934448
139,39,138,1,True,774,0.7822619676589966
140,40,139,1,True,220,0.7977736592292786
141,41,140,0,False,1000,4.7496137619018555
142,42,141,1,True,573,0.7714669108390808
143,43,142,0,False,1000,5.146440505981445
144,44,143,1,True,491,0.7964444756507874
145,45,144,0,False,1000,7.2188873291015625
146,46,145,0,False,1000,7.265228748321533
147,47,146,0,False,1000,6.3130011558532715
148,48,147,1,True,81,0.7703710198402405
149,49,148,0,False,1000,2.322298526763916
150,50,149,0,False,1000,7.664088726043701
151,1,150,1,True,163,0.7255473136901855
152,2,151,1,True,184,0.794164776802063
153,3,152,1,True,136,0.7696274518966675
154,4,153,1,True,426,0.7852489948272705
155,5,154,0,False,1000,4.741222381591797
156,6,155,1,True,133,0.7946348786354065
157,7,156,0,False,1000,5.502347946166992
158,8,157,1,True,300,0.7819307446479797
159,9,158,1,True,299,0.7795640826225281
160,10,159,1,True,85,0.787155032157898
161,11,160,0,False,1000,6.975539207458496
162,12,161,1,True,139,0.7950552701950073
163,13,162,1,True,685,0.7920936942100525
164,14,163,0,False,1000,5.936741828918457
165,15,164,1,True,158,0.7699511647224426
166,16,165,1,True,768,0.7954157590866089
167,17,166,0,False,1000,5.525942802429199
168,18,167,1,True,115,0.7907217741012573
169,19,168,1,True,133,0.7561954855918884
170,20,169,1,True,331,0.799058198928833
171,21,170,0,False,1000,4.596429824829102
172,22,171,0,False,1000,2.9528467655181885
173,23,172,0,False,1000,5.625545978546143
174,24,173,1,True,475,0.7830684185028076
175,25,174,1,True,39,0.7993322014808655
176,26,175,1,True,306,0.7748526930809021
177,27,176,0,False,1000,6.6973652839660645
178,28,177,1,True,60,0.7651922702789307
179,29,178,1,True,303,0.784406840801239
180,30,179,0,False,1000,2.0753166675567627
181,31,180,0,False,1000,4.373843669891357
182,32,181,1,True,214,0.7564327716827393
183,33,182,0,False,1000,2.678478956222534
184,34,183,1,True,97,0.7912647128105164
185,35,184,1,True,302,0.7940661311149597
186,36,185,1,True,162,0.7811172604560852
187,37,186,1,True,390,0.760856568813324
188,38,187,0,False,1000,1.1155354976654053
189,39,188,1,True,221,0.7567254304885864
190,40,189,0,False,1000,7.971324920654297
191,41,190,1,True,388,0.7861440181732178
192,42,191,0,False,1000,5.947165012359619
193,43,192,1,True,55,0.7804166078567505
194,44,193,0,False,1000,5.728545188903809
195,45,194,1,True,98,0.7906197905540466
196,46,195,0,False,1000,2.3476452827453613
197,47,196,1,True,143,0.7759090662002563
198,48,197,0,False,1000,4.564530372619629
199,49,198,0,False,1000,3.179265022277832
200,50,199,1,True,91,0.7847524881362915
