created_at,eval_name,layout,checkpoint_name,model_name,eval_num_envs,n_eval_episodes,record_level,bin_index,bin_size,bin_start_episode,bin_end_episode,episodes,successes,success_rate,mean_reward,clot_on_episodes,clot_on_rate,launch_id
2026-06-27T15:08:22,11_default,11_default,run_20260614_160718,best_success_model.zip,2560,2560,bin,1,128,14,2550,128,69,0.5390625,5.799742562058668,0,0.0,20260627_150553
2026-06-27T15:08:22,11_default,11_default,run_20260614_160718,best_success_model.zip,2560,2560,bin,2,128,4,2559,128,67,0.5234375,6.4764541812852485,0,0.0,20260627_150553
2026-06-27T15:08:22,11_default,11_default,run_20260614_160718,best_success_model.zip,2560,2560,bin,3,128,32,2539,128,66,0.515625,5.407462267554479,0,0.0,20260627_150553
2026-06-27T15:08:22,11_default,11_default,run_20260614_160718,best_success_model.zip,2560,2560,bin,4,128,78,2535,128,73,0.5703125,5.565252527700181,0,0.0,20260627_150553
2026-06-27T15:08:22,11_default,11_default,run_20260614_160718,best_success_model.zip,2560,2560,bin,5,128,11,2524,128,73,0.5703125,6.236058296473971,0,0.0,20260627_150553
2026-06-27T15:08:22,11_default,11_default,run_20260614_160718,best_success_model.zip,2560,2560,bin,6,128,39,2558,128,72,0.5625,5.96513195005457,0,0.0,20260627_150553
2026-06-27T15:08:22,11_default,11_default,run_20260614_160718,best_success_model.zip,2560,2560,bin,7,128,44,2555,128,70,0.546875,6.442094670694587,0,0.0,20260627_150553
2026-06-27T15:08:22,11_default,11_default,run_20260614_160718,best_success_model.zip,2560,2560,bin,8,128,3,2560,128,71,0.5546875,6.541461035730663,0,0.0,20260627_150553
2026-06-27T15:08:22,11_default,11_default,run_20260614_160718,best_success_model.zip,2560,2560,bin,9,128,17,2507,128,81,0.6328125,6.943635862122051,0,0.0,20260627_150553
2026-06-27T15:08:22,11_default,11_default,run_20260614_160718,best_success_model.zip,2560,2560,bin,10,128,2,2551,128,72,0.5625,6.140214381335227,0,0.0,20260627_150553
2026-06-27T15:08:22,11_default,11_default,run_20260614_160718,best_success_model.zip,2560,2560,bin,11,128,10,2557,128,68,0.53125,6.020704846950707,0,0.0,20260627_150553
2026-06-27T15:08:22,11_default,11_default,run_20260614_160718,best_success_model.zip,2560,2560,bin,12,128,13,2553,128,77,0.6015625,7.144997551216846,0,0.0,20260627_150553
2026-06-27T15:08:22,11_default,11_default,run_20260614_160718,best_success_model.zip,2560,2560,bin,13,128,1,2548,128,74,0.578125,6.94199706493464,0,0.0,20260627_150553
2026-06-27T15:08:22,11_default,11_default,run_20260614_160718,best_success_model.zip,2560,2560,bin,14,128,6,2544,128,73,0.5703125,6.406396698913682,0,0.0,20260627_150553
2026-06-27T15:08:22,11_default,11_default,run_20260614_160718,best_success_model.zip,2560,2560,bin,15,128,5,2513,128,69,0.5390625,6.416017360163437,0,0.0,20260627_150553
2026-06-27T15:08:22,11_default,11_default,run_20260614_160718,best_success_model.zip,2560,2560,bin,16,128,34,2538,128,73,0.5703125,5.9604075227696285,0,0.0,20260627_150553
2026-06-27T15:08:22,11_default,11_default,run_20260614_160718,best_success_model.zip,2560,2560,bin,17,128,7,2545,128,68,0.53125,5.7164196850397815,0,0.0,20260627_150553
2026-06-27T15:08:22,11_default,11_default,run_20260614_160718,best_success_model.zip,2560,2560,bin,18,128,21,2547,128,69,0.5390625,5.927458327878753,0,0.0,20260627_150553
2026-06-27T15:08:22,11_default,11_default,run_20260614_160718,best_success_model.zip,2560,2560,bin,19,128,12,2528,128,77,0.6015625,6.233501936975472,0,0.0,20260627_150553
2026-06-27T15:08:22,11_default,11_default,run_20260614_160718,best_success_model.zip,2560,2560,bin,20,128,28,2542,128,83,0.6484375,7.449983734562238,0,0.0,20260627_150553
2026-06-27T15:10:35,12_default_2,12_default_2,run_20260614_160718,best_success_model.zip,2560,2560,bin,1,128,4,2442,128,67,0.5234375,5.145416673364593,0,0.0,20260627_150553
2026-06-27T15:10:35,12_default_2,12_default_2,run_20260614_160718,best_success_model.zip,2560,2560,bin,2,128,59,2488,128,65,0.5078125,5.659508431457198,0,0.0,20260627_150553
2026-06-27T15:10:35,12_default_2,12_default_2,run_20260614_160718,best_success_model.zip,2560,2560,bin,3,128,26,2541,128,60,0.46875,4.501738535536333,0,0.0,20260627_150553
2026-06-27T15:10:35,12_default_2,12_default_2,run_20260614_160718,best_success_model.zip,2560,2560,bin,4,128,3,2560,128,66,0.515625,6.02522157831072,0,0.0,20260627_150553
2026-06-27T15:10:35,12_default_2,12_default_2,run_20260614_160718,best_success_model.zip,2560,2560,bin,5,128,9,2552,128,69,0.5390625,5.247468545022116,0,0.0,20260627_150553
2026-06-27T15:10:35,12_default_2,12_default_2,run_20260614_160718,best_success_model.zip,2560,2560,bin,6,128,27,2549,128,65,0.5078125,5.362205917907147,0,0.0,20260627_150553
2026-06-27T15:10:35,12_default_2,12_default_2,run_20260614_160718,best_success_model.zip,2560,2560,bin,7,128,2,2558,128,68,0.53125,5.849654210738436,0,0.0,20260627_150553
2026-06-27T15:10:35,12_default_2,12_default_2,run_20260614_160718,best_success_model.zip,2560,2560,bin,8,128,48,2557,128,64,0.5,4.721271628682189,0,0.0,20260627_150553
2026-06-27T15:10:35,12_default_2,12_default_2,run_20260614_160718,best_success_model.zip,2560,2560,bin,9,128,30,2532,128,67,0.5234375,5.530870051224838,0,0.0,20260627_150553
2026-06-27T15:10:35,12_default_2,12_default_2,run_20260614_160718,best_success_model.zip,2560,2560,bin,10,128,10,2555,128,53,0.4140625,3.0240671952453795,0,0.0,20260627_150553
2026-06-27T15:10:35,12_default_2,12_default_2,run_20260614_160718,best_success_model.zip,2560,2560,bin,11,128,7,2526,128,68,0.53125,5.317120127093403,0,0.0,20260627_150553
2026-06-27T15:10:35,12_default_2,12_default_2,run_20260614_160718,best_success_model.zip,2560,2560,bin,12,128,17,2550,128,67,0.5234375,5.097940695672833,0,0.0,20260627_150553
2026-06-27T15:10:35,12_default_2,12_default_2,run_20260614_160718,best_success_model.zip,2560,2560,bin,13,128,1,2553,128,66,0.515625,5.586294667503125,0,0.0,20260627_150553
2026-06-27T15:10:35,12_default_2,12_default_2,run_20260614_160718,best_success_model.zip,2560,2560,bin,14,128,38,2551,128,72,0.5625,5.551845891318578,0,0.0,20260627_150553
2026-06-27T15:10:35,12_default_2,12_default_2,run_20260614_160718,best_success_model.zip,2560,2560,bin,15,128,37,2520,128,70,0.546875,4.995698666043381,0,0.0,20260627_150553
2026-06-27T15:10:35,12_default_2,12_default_2,run_20260614_160718,best_success_model.zip,2560,2560,bin,16,128,13,2546,128,71,0.5546875,6.5060923538632665,0,0.0,20260627_150553
2026-06-27T15:10:35,12_default_2,12_default_2,run_20260614_160718,best_success_model.zip,2560,2560,bin,17,128,14,2543,128,58,0.453125,4.679967220207061,0,0.0,20260627_150553
2026-06-27T15:10:35,12_default_2,12_default_2,run_20260614_160718,best_success_model.zip,2560,2560,bin,18,128,41,2545,128,65,0.5078125,5.55269001199531,0,0.0,20260627_150553
2026-06-27T15:10:35,12_default_2,12_default_2,run_20260614_160718,best_success_model.zip,2560,2560,bin,19,128,8,2559,128,67,0.5234375,5.122873895965995,0,0.0,20260627_150553
2026-06-27T15:10:35,12_default_2,12_default_2,run_20260614_160718,best_success_model.zip,2560,2560,bin,20,128,6,2502,128,59,0.4609375,3.3040848270484275,0,0.0,20260627_150553
2026-06-27T15:12:45,13_branch_like,13_branch_like,run_20260614_160718,best_success_model.zip,2560,2560,bin,1,128,26,2544,128,65,0.5078125,4.1231172151647115,0,0.0,20260627_150553
2026-06-27T15:12:45,13_branch_like,13_branch_like,run_20260614_160718,best_success_model.zip,2560,2560,bin,2,128,8,2558,128,68,0.53125,5.585549672047364,0,0.0,20260627_150553
2026-06-27T15:12:45,13_branch_like,13_branch_like,run_20260614_160718,best_success_model.zip,2560,2560,bin,3,128,1,2536,128,54,0.421875,3.2289285661360623,0,0.0,20260627_150553
2026-06-27T15:12:45,13_branch_like,13_branch_like,run_20260614_160718,best_success_model.zip,2560,2560,bin,4,128,13,2559,128,59,0.4609375,3.795281427949476,0,0.0,20260627_150553
2026-06-27T15:12:45,13_branch_like,13_branch_like,run_20260614_160718,best_success_model.zip,2560,2560,bin,5,128,23,2552,128,62,0.484375,3.6325641461507985,0,0.0,20260627_150553
2026-06-27T15:12:45,13_branch_like,13_branch_like,run_20260614_160718,best_success_model.zip,2560,2560,bin,6,128,6,2542,128,56,0.4375,4.128111767323446,0,0.0,20260627_150553
2026-06-27T15:12:45,13_branch_like,13_branch_like,run_20260614_160718,best_success_model.zip,2560,2560,bin,7,128,31,2553,128,61,0.4765625,4.501577501694612,0,0.0,20260627_150553
2026-06-27T15:12:45,13_branch_like,13_branch_like,run_20260614_160718,best_success_model.zip,2560,2560,bin,8,128,11,2539,128,62,0.484375,4.252089637257541,0,0.0,20260627_150553
2026-06-27T15:12:45,13_branch_like,13_branch_like,run_20260614_160718,best_success_model.zip,2560,2560,bin,9,128,16,2550,128,49,0.3828125,2.835743541206483,0,0.0,20260627_150553
2026-06-27T15:12:45,13_branch_like,13_branch_like,run_20260614_160718,best_success_model.zip,2560,2560,bin,10,128,43,2546,128,59,0.4609375,4.074895153886132,0,0.0,20260627_150553
2026-06-27T15:12:45,13_branch_like,13_branch_like,run_20260614_160718,best_success_model.zip,2560,2560,bin,11,128,4,2514,128,64,0.5,4.869237044124645,0,0.0,20260627_150553
2026-06-27T15:12:45,13_branch_like,13_branch_like,run_20260614_160718,best_success_model.zip,2560,2560,bin,12,128,5,2502,128,54,0.421875,3.2727464790070826,0,0.0,20260627_150553
2026-06-27T15:12:45,13_branch_like,13_branch_like,run_20260614_160718,best_success_model.zip,2560,2560,bin,13,128,30,2555,128,63,0.4921875,4.620177306148143,0,0.0,20260627_150553
2026-06-27T15:12:45,13_branch_like,13_branch_like,run_20260614_160718,best_success_model.zip,2560,2560,bin,14,128,3,2541,128,57,0.4453125,3.1199248770959684,0,0.0,20260627_150553
2026-06-27T15:12:45,13_branch_like,13_branch_like,run_20260614_160718,best_success_model.zip,2560,2560,bin,15,128,17,2557,128,69,0.5390625,4.859157205735016,0,0.0,20260627_150553
2026-06-27T15:12:45,13_branch_like,13_branch_like,run_20260614_160718,best_success_model.zip,2560,2560,bin,16,128,24,2525,128,63,0.4921875,4.606939155042028,0,0.0,20260627_150553
2026-06-27T15:12:45,13_branch_like,13_branch_like,run_20260614_160718,best_success_model.zip,2560,2560,bin,17,128,9,2500,128,59,0.4609375,4.6588451962429644,0,0.0,20260627_150553
2026-06-27T15:12:45,13_branch_like,13_branch_like,run_20260614_160718,best_success_model.zip,2560,2560,bin,18,128,2,2548,128,61,0.4765625,3.2964245580805027,0,0.0,20260627_150553
2026-06-27T15:12:45,13_branch_like,13_branch_like,run_20260614_160718,best_success_model.zip,2560,2560,bin,19,128,15,2560,128,54,0.421875,2.5921152913875574,0,0.0,20260627_150553
2026-06-27T15:12:45,13_branch_like,13_branch_like,run_20260614_160718,best_success_model.zip,2560,2560,bin,20,128,68,2554,128,57,0.4453125,2.9750646907341434,0,0.0,20260627_150553
2026-06-27T15:14:52,14_complex,14_complex,run_20260614_160718,best_success_model.zip,2560,2560,bin,1,128,15,2554,128,50,0.390625,2.225977678040067,0,0.0,20260627_150553
2026-06-27T15:14:52,14_complex,14_complex,run_20260614_160718,best_success_model.zip,2560,2560,bin,2,128,33,2548,128,54,0.421875,3.0523988268162014,0,0.0,20260627_150553
2026-06-27T15:14:52,14_complex,14_complex,run_20260614_160718,best_success_model.zip,2560,2560,bin,3,128,14,2552,128,58,0.453125,3.1522022618662504,0,0.0,20260627_150553
2026-06-27T15:14:52,14_complex,14_complex,run_20260614_160718,best_success_model.zip,2560,2560,bin,4,128,28,2558,128,58,0.453125,2.4739290681297916,0,0.0,20260627_150553
2026-06-27T15:14:52,14_complex,14_complex,run_20260614_160718,best_success_model.zip,2560,2560,bin,5,128,21,2505,128,57,0.4453125,2.186202139338093,0,0.0,20260627_150553
2026-06-27T15:14:52,14_complex,14_complex,run_20260614_160718,best_success_model.zip,2560,2560,bin,6,128,3,2556,128,60,0.46875,3.878160711552482,0,0.0,20260627_150553
2026-06-27T15:14:52,14_complex,14_complex,run_20260614_160718,best_success_model.zip,2560,2560,bin,7,128,18,2502,128,49,0.3828125,2.9085565958394,0,0.0,20260627_150553
2026-06-27T15:14:52,14_complex,14_complex,run_20260614_160718,best_success_model.zip,2560,2560,bin,8,128,7,2560,128,58,0.453125,2.6220533669693395,0,0.0,20260627_150553
2026-06-27T15:14:52,14_complex,14_complex,run_20260614_160718,best_success_model.zip,2560,2560,bin,9,128,4,2537,128,50,0.390625,2.027319530678369,0,0.0,20260627_150553
2026-06-27T15:14:52,14_complex,14_complex,run_20260614_160718,best_success_model.zip,2560,2560,bin,10,128,2,2557,128,54,0.421875,3.293833767981141,0,0.0,20260627_150553
2026-06-27T15:14:52,14_complex,14_complex,run_20260614_160718,best_success_model.zip,2560,2560,bin,11,128,23,2559,128,50,0.390625,3.2975964332067065,0,0.0,20260627_150553
2026-06-27T15:14:52,14_complex,14_complex,run_20260614_160718,best_success_model.zip,2560,2560,bin,12,128,55,2544,128,60,0.46875,3.8586352485191924,0,0.0,20260627_150553
2026-06-27T15:14:52,14_complex,14_complex,run_20260614_160718,best_success_model.zip,2560,2560,bin,13,128,8,2549,128,65,0.5078125,3.895936942716901,0,0.0,20260627_150553
2026-06-27T15:14:52,14_complex,14_complex,run_20260614_160718,best_success_model.zip,2560,2560,bin,14,128,49,2538,128,54,0.421875,3.6291818674327487,0,0.0,20260627_150553
2026-06-27T15:14:52,14_complex,14_complex,run_20260614_160718,best_success_model.zip,2560,2560,bin,15,128,16,2545,128,63,0.4921875,3.8422375121177765,0,0.0,20260627_150553
2026-06-27T15:14:52,14_complex,14_complex,run_20260614_160718,best_success_model.zip,2560,2560,bin,16,128,104,2536,128,68,0.53125,4.472058261287884,0,0.0,20260627_150553
2026-06-27T15:14:52,14_complex,14_complex,run_20260614_160718,best_success_model.zip,2560,2560,bin,17,128,5,2504,128,65,0.5078125,5.26978681448702,0,0.0,20260627_150553
2026-06-27T15:14:52,14_complex,14_complex,run_20260614_160718,best_success_model.zip,2560,2560,bin,18,128,10,2555,128,51,0.3984375,2.324931221999691,0,0.0,20260627_150553
2026-06-27T15:14:52,14_complex,14_complex,run_20260614_160718,best_success_model.zip,2560,2560,bin,19,128,1,2546,128,55,0.4296875,2.9251858833575852,0,0.0,20260627_150553
2026-06-27T15:14:52,14_complex,14_complex,run_20260614_160718,best_success_model.zip,2560,2560,bin,20,128,25,2533,128,57,0.4453125,3.2655880984387977,0,0.0,20260627_150553
2026-06-30T14:15:42,15_overlap_four,15_overlap_four,run_20260614_160718,best_success_model.zip,2560,2560,bin,1,128,9,2480,128,47,0.3671875,3.7777912814897263,0,0.0,20260630_141218
2026-06-30T14:15:42,15_overlap_four,15_overlap_four,run_20260614_160718,best_success_model.zip,2560,2560,bin,2,128,7,2520,128,42,0.328125,4.002152009406757,0,0.0,20260630_141218
2026-06-30T14:15:42,15_overlap_four,15_overlap_four,run_20260614_160718,best_success_model.zip,2560,2560,bin,3,128,22,2558,128,55,0.4296875,4.714750463956648,0,0.0,20260630_141218
2026-06-30T14:15:42,15_overlap_four,15_overlap_four,run_20260614_160718,best_success_model.zip,2560,2560,bin,4,128,10,2552,128,51,0.3984375,3.883845526526386,0,0.0,20260630_141218
2026-06-30T14:15:42,15_overlap_four,15_overlap_four,run_20260614_160718,best_success_model.zip,2560,2560,bin,5,128,6,2547,128,31,0.2421875,2.59395304358884,0,0.0,20260630_141218
2026-06-30T14:15:42,15_overlap_four,15_overlap_four,run_20260614_160718,best_success_model.zip,2560,2560,bin,6,128,31,2534,128,44,0.34375,3.335417709229887,0,0.0,20260630_141218
2026-06-30T14:15:42,15_overlap_four,15_overlap_four,run_20260614_160718,best_success_model.zip,2560,2560,bin,7,128,2,2504,128,48,0.375,4.915978925994523,0,0.0,20260630_141218
2026-06-30T14:15:42,15_overlap_four,15_overlap_four,run_20260614_160718,best_success_model.zip,2560,2560,bin,8,128,49,2538,128,50,0.390625,4.97565498861843,0,0.0,20260630_141218
2026-06-30T14:15:42,15_overlap_four,15_overlap_four,run_20260614_160718,best_success_model.zip,2560,2560,bin,9,128,5,2539,128,46,0.359375,3.9497359451705734,0,0.0,20260630_141218
2026-06-30T14:15:42,15_overlap_four,15_overlap_four,run_20260614_160718,best_success_model.zip,2560,2560,bin,10,128,27,2549,128,45,0.3515625,4.472145566701329,0,0.0,20260630_141218
2026-06-30T14:15:42,15_overlap_four,15_overlap_four,run_20260614_160718,best_success_model.zip,2560,2560,bin,11,128,46,2557,128,36,0.28125,2.359216430935021,0,0.0,20260630_141218
2026-06-30T14:15:42,15_overlap_four,15_overlap_four,run_20260614_160718,best_success_model.zip,2560,2560,bin,12,128,14,2506,128,39,0.3046875,3.97277879624491,0,0.0,20260630_141218
2026-06-30T14:15:42,15_overlap_four,15_overlap_four,run_20260614_160718,best_success_model.zip,2560,2560,bin,13,128,40,2559,128,45,0.3515625,3.86130533604927,0,0.0,20260630_141218
2026-06-30T14:15:42,15_overlap_four,15_overlap_four,run_20260614_160718,best_success_model.zip,2560,2560,bin,14,128,4,2560,128,44,0.34375,3.4568480385453313,0,0.0,20260630_141218
2026-06-30T14:15:42,15_overlap_four,15_overlap_four,run_20260614_160718,best_success_model.zip,2560,2560,bin,15,128,15,2554,128,45,0.3515625,3.6658293095897534,0,0.0,20260630_141218
2026-06-30T14:15:42,15_overlap_four,15_overlap_four,run_20260614_160718,best_success_model.zip,2560,2560,bin,16,128,17,2543,128,41,0.3203125,3.1086309766769773,0,0.0,20260630_141218
2026-06-30T14:15:42,15_overlap_four,15_overlap_four,run_20260614_160718,best_success_model.zip,2560,2560,bin,17,128,16,2529,128,49,0.3828125,2.849792410853638,0,0.0,20260630_141218
2026-06-30T14:15:42,15_overlap_four,15_overlap_four,run_20260614_160718,best_success_model.zip,2560,2560,bin,18,128,11,2551,128,47,0.3671875,4.3230610151296105,0,0.0,20260630_141218
2026-06-30T14:15:42,15_overlap_four,15_overlap_four,run_20260614_160718,best_success_model.zip,2560,2560,bin,19,128,1,2556,128,49,0.3828125,4.103742665025948,0,0.0,20260630_141218
2026-06-30T14:15:42,15_overlap_four,15_overlap_four,run_20260614_160718,best_success_model.zip,2560,2560,bin,20,128,3,2545,128,41,0.3203125,3.1103581323840785,0,0.0,20260630_141218