layout,bin_index,bin_size,start_episode,end_episode,successes,success_rate
11_default,1,20,1,20,19,0.95
11_default,2,20,21,40,20,1.0
11_default,3,20,41,60,20,1.0
11_default,4,20,61,80,20,1.0
11_default,5,20,81,100,20,1.0
11_default,6,20,101,120,20,1.0
11_default,7,20,121,140,20,1.0
11_default,8,20,141,160,20,1.0
11_default,9,20,161,180,20,1.0
11_default,10,20,181,200,19,0.95
12_default_2,1,20,1,20,20,1.0
12_default_2,2,20,21,40,19,0.95
12_default_2,3,20,41,60,16,0.8
12_default_2,4,20,61,80,17,0.85
12_default_2,5,20,81,100,20,1.0
12_default_2,6,20,101,120,19,0.95
12_default_2,7,20,121,140,20,1.0
12_default_2,8,20,141,160,19,0.95
12_default_2,9,20,161,180,17,0.85
12_default_2,10,20,181,200,20,1.0
13_branch_like,1,20,1,20,18,0.9
13_branch_like,2,20,21,40,15,0.75
13_branch_like,3,20,41,60,17,0.85
13_branch_like,4,20,61,80,18,0.9
13_branch_like,5,20,81,100,17,0.85
13_branch_like,6,20,101,120,19,0.95
13_branch_like,7,20,121,140,19,0.95
13_branch_like,8,20,141,160,17,0.85
13_branch_like,9,20,161,180,16,0.8
13_branch_like,10,20,181,200,17,0.85
14_complex,1,20,1,20,19,0.95
14_complex,2,20,21,40,16,0.8
14_complex,3,20,41,60,19,0.95
14_complex,4,20,61,80,18,0.9
14_complex,5,20,81,100,16,0.8
14_complex,6,20,101,120,19,0.95
14_complex,7,20,121,140,18,0.9
14_complex,8,20,141,160,15,0.75
14_complex,9,20,161,180,18,0.9
14_complex,10,20,181,200,18,0.9
