rollout_id,sequence_id,captured_unix,anchor_id,prompt,state_x_mm,state_y_mm,state_dir_x,state_dir_y,distance_to_target_mm,first_action_x,first_action_y
stream_20260726_221909,206,1785075597.242229,upper_to_right,move the robot from the uppermost vessel to the right side,74.66146087646484,54.168296813964844,0.682924211025238,0.7304892539978027,4.730169930135882,0.9868637323379517,-0.23071129620075226
stream_20260726_221909,207,1785075597.418557,upper_to_right,move the robot from the uppermost vessel to the right side,76.15673828125,57.165889739990234,0.6296732425689697,0.7768601179122925,2.094950872699194,1.004482388496399,-0.16746005415916443
stream_20260726_221909,208,1785075597.596713,upper_to_right,move the robot from the uppermost vessel to the right side,76.53140258789062,57.798404693603516,0.6903107762336731,0.7235130071640015,1.8039747151430385,1.0625733137130737,0.06293558329343796
stream_20260726_221909,209,1785075597.770466,upper_to_right,move the robot from the uppermost vessel to the right side,78.09004211425781,59.984127044677734,0.6683992147445679,0.7438026070594788,2.738802150877152,1.0438262224197388,0.12221209704875946
stream_20260726_221909,210,1785075597.956754,upper_to_right,move the robot from the uppermost vessel to the right side,77.49710083007812,60.04927444458008,-0.9293426871299744,0.3692183494567871,2.8987574193347316,0.7703202962875366,0.5776690244674683
stream_20260726_221909,211,1785075598.1416352,upper_to_right,move the robot from the uppermost vessel to the right side,78.7196044921875,61.43643569946289,0.4669230580329895,0.8842980265617371,4.212691805107516,1.0050125122070312,0.19149881601333618
stream_20260726_222351,298,1785075893.3359518,upper_to_right,move the robot from the uppermost vessel to the right side,76.40827178955078,53.33182907104492,0.6024294495582581,-0.798172116279602,4.3294371723901,0.9253009557723999,-0.40692517161369324
stream_20260726_222351,302,1785075894.063157,upper_to_right,move the robot from the uppermost vessel to the right side,77.6324234008789,52.78767776489258,0.9499778151512146,0.3123173713684082,4.504855223613304,0.9922556281089783,-0.3633164167404175
stream_20260726_222351,303,1785075894.232042,upper_to_right,move the robot from the uppermost vessel to the right side,78.43183135986328,53.17511749267578,0.7738603949546814,0.6333562135696411,4.078937372886061,1.021201729774475,-0.22619985044002533
stream_20260726_222351,304,1785075894.4031281,upper_to_right,move the robot from the uppermost vessel to the right side,81.00778198242188,54.65743637084961,0.9982287287712097,-0.0594932846724987,3.785069039497717,1.079400658607483,0.04129393398761749
stream_20260726_222351,1423,1785076101.157886,lower_to_right,move the robot from the lowermost vessel to the right side,80.06698608398438,61.21877670288086,0.5300149321556091,-0.8479883074760437,4.364931493932378,0.9670557975769043,0.3057968020439148
stream_20260726_222351,1424,1785076101.342425,lower_to_right,move the robot from the lowermost vessel to the right side,81.47470092773438,60.05282974243164,0.8298846483230591,-0.5579349398612976,4.272534451398883,1.004922866821289,-0.06802620738744736
stream_20260726_222351,1425,1785076101.517063,lower_to_right,move the robot from the lowermost vessel to the right side,82.6799545288086,58.78912353515625,0.6839134097099304,-0.7295631766319275,4.689711972369267,0.003950764890760183,-0.012247767299413681
stream_20260726_222351,2346,1785076271.995796,return_to_left,Go back to the start from the nearest way,82.62347412109375,58.369285583496094,-0.977863609790802,0.20924332737922668,4.514429765241557,-1.0482542514801025,-0.019095348194241524
stream_20260726_222351,2347,1785076272.1917078,return_to_left,Go back to the start from the nearest way,82.61128234863281,58.251686096191406,-0.9992826581001282,-0.0378703698515892,4.474836171280388,-1.058431625366211,0.028498539701104164
stream_20260726_222351,2348,1785076272.385273,return_to_left,Go back to the start from the nearest way,82.5920639038086,58.25095748901367,-0.9992826581001282,-0.0378703698515892,4.455943765306075,-1.1265296936035156,0.010160611011087894
stream_20260726_222351,2349,1785076272.576921,return_to_left,Go back to the start from the nearest way,82.59203338623047,58.25095748901367,-0.9992826581001282,-0.0378703698515892,4.455914027666219,-1.0462872982025146,0.0649241954088211
stream_20260726_222351,2350,1785076272.75552,return_to_left,Go back to the start from the nearest way,82.49089813232422,58.14853286743164,-0.702613890171051,-0.7115712761878967,4.335040747513911,-0.931931734085083,0.04914648085832596
stream_20260726_222351,2351,1785076272.93588,return_to_left,Go back to the start from the nearest way,82.59027862548828,58.12628173828125,0.9758360385894775,-0.21850425004959106,4.427853682283963,-1.0634347200393677,0.014497850090265274
stream_20260726_222351,2352,1785076273.1072378,return_to_left,Go back to the start from the nearest way,82.47066497802734,58.12784957885742,-0.999914288520813,0.013093926012516022,4.310989763366031,-1.0244771242141724,-0.03305753692984581
stream_20260726_222351,2353,1785076273.281475,return_to_left,Go back to the start from the nearest way,82.47047424316406,58.12785339355469,-0.999914288520813,0.013093926012516022,4.310803801820114,-1.113654375076294,0.026681119576096535
stream_20260726_222351,2354,1785076273.456748,return_to_left,Go back to the start from the nearest way,82.47174072265625,58.22763442993164,0.012691564857959747,0.9999194145202637,4.333458642691987,-0.9599579572677612,-0.0023685265332460403
stream_20260726_222351,2355,1785076273.631031,return_to_left,Go back to the start from the nearest way,82.46664428710938,58.12886047363281,0.966938316822052,-0.25501033663749695,4.307259543622397,-1.0646555423736572,0.03389571234583855
stream_20260726_222351,2356,1785076273.81811,return_to_left,Go back to the start from the nearest way,82.48966217041016,58.12759780883789,-0.9999113082885742,0.013318898156285286,4.329539609852764,-1.0047950744628906,-0.17026188969612122
stream_20260726_222351,2357,1785076274.005578,return_to_left,Go back to the start from the nearest way,82.35148620605469,58.12944793701172,-0.9999101758003235,0.013400937430560589,4.194713073902796,-1.0147650241851807,-0.05161700025200844
stream_20260726_222351,2358,1785076274.191231,return_to_left,Go back to the start from the nearest way,82.4656753540039,58.12791442871094,0.9999102354049683,-0.013396268710494041,4.306118023753507,-1.0196113586425781,-0.16543686389923096
stream_20260726_222351,2359,1785076274.3717911,return_to_left,Go back to the start from the nearest way,81.17845916748047,58.1451416015625,-0.9999104738235474,0.013379786163568497,3.0622135102648014,-1.0660731792449951,-0.04944109544157982
stream_20260726_222351,2360,1785076274.542472,return_to_left,Go back to the start from the nearest way,79.41275787353516,58.16876983642578,-0.9999104142189026,0.013384588062763214,1.4819392311406885,-1.028765082359314,-0.0643719956278801
stream_20260726_222351,2361,1785076274.7309198,return_to_left,Go back to the start from the nearest way,77.83491516113281,58.06973648071289,-0.9998977780342102,-0.014292818494141102,0.9188380277660227,-1.0801512002944946,-0.011363876052200794
stream_20260726_222351,2362,1785076274.9105642,return_to_left,Go back to the start from the nearest way,77.62922668457031,57.947322845458984,0.9739693999290466,-0.22667944431304932,0.9336051949023103,-1.0523797273635864,0.005101070739328861
stream_20260726_222351,2363,1785076275.091182,return_to_left,Go back to the start from the nearest way,77.86604309082031,58.059326171875,0.9876571893692017,0.15663114190101624,0.8957855550234447,-1.081752061843872,0.003919469192624092
stream_20260726_222351,2364,1785076275.271104,return_to_left,Go back to the start from the nearest way,77.68257141113281,58.07155990600586,-0.9886202812194824,-0.15043231844902039,0.9984667659066897,-1.0338852405548096,-0.014253078028559685
stream_20260726_222351,2365,1785076275.456693,return_to_left,Go back to the start from the nearest way,77.62942504882812,57.7270393371582,0.48595157265663147,-0.873985767364502,0.7827386532031703,-1.0462710857391357,-0.0491555854678154
stream_20260726_222351,2366,1785076275.6422982,return_to_left,Go back to the start from the nearest way,77.86772155761719,57.813873291015625,0.9999740719795227,-0.007197435013949871,0.6812414372536517,-0.020368853583931923,0.03516995906829834
stream_20260726_222351,2367,1785076275.821234,return_to_left,Go back to the start from the nearest way,77.44100189208984,57.595306396484375,-0.8079077005386353,-0.58930903673172,0.8796103944674808,-1.0136644840240479,-0.04068297892808914
stream_20260726_222351,2368,1785076275.9955788,return_to_left,Go back to the start from the nearest way,77.20197296142578,56.68238067626953,-0.4095522463321686,-0.912286639213562,1.191869275656891,-0.8241992592811584,0.02694518491625786
stream_20260726_222351,2369,1785076276.172074,return_to_left,Go back to the start from the nearest way,76.40036010742188,55.88621520996094,-0.8815178871154785,-0.47215065360069275,2.2980593303390378,-1.0562320947647095,-0.009488405659794807
stream_20260726_222351,2370,1785076276.352464,return_to_left,Go back to the start from the nearest way,73.84180450439453,55.38922882080078,-0.9967197775840759,-0.08093021810054779,4.78483614231614,-1.0565179586410522,-0.04145752266049385
stream_20260726_225642,216,1785077856.449993,upper_to_right,move the robot from the uppermost vessel to the right side,77.58711242675781,52.30879211425781,-0.4244353175163269,0.9054582118988037,4.985474431273286,1.0697627067565918,-0.00014659632870461792
stream_20260726_225642,796,1785077961.3634958,lower_to_right,move the robot from the lowermost vessel to the right side,76.46969604492188,60.588008880615234,0.9753186106681824,0.22080227732658386,3.783092050100418,1.0887365341186523,0.14919832348823547
stream_20260726_225642,800,1785077962.080533,lower_to_right,move the robot from the lowermost vessel to the right side,77.0709228515625,59.95863723754883,0.17801761627197266,-0.9840273261070251,2.9541392327721545,0.9973233938217163,-0.1280737668275833
stream_20260726_225642,804,1785077962.810266,lower_to_right,move the robot from the lowermost vessel to the right side,77.04637908935547,59.82851028442383,0.9999787211418152,-0.006528003606945276,2.845596349347571,0.8487197756767273,-0.021028511226177216
stream_20260726_225642,808,1785077963.510462,lower_to_right,move the robot from the lowermost vessel to the right side,77.76142883300781,59.096343994140625,0.6453871130943298,-0.7638557553291321,1.9098921252037415,1.0103082656860352,0.20796671509742737
stream_20260726_225642,812,1785077964.2984939,lower_to_right,move the robot from the lowermost vessel to the right side,78.14208984375,58.43607711791992,-0.999601423740387,-0.028229519724845886,1.1909758735906986,0.9480068683624268,0.14038890600204468
stream_20260726_225642,816,1785077965.00965,lower_to_right,move the robot from the lowermost vessel to the right side,78.35237121582031,58.3328971862793,0.7504322528839111,-0.6609474420547485,1.0877252327128148,1.0073139667510986,0.13028676807880402
stream_20260726_225642,820,1785077965.703383,lower_to_right,move the robot from the lowermost vessel to the right side,79.4435806274414,56.92974853515625,0.45238736271858215,-0.891821563243866,1.2357976027400235,-0.010630733333528042,0.0011259890161454678
stream_20260726_225642,824,1785077966.424254,lower_to_right,move the robot from the lowermost vessel to the right side,80.02117919921875,56.41245651245117,0.9988791942596436,-0.04733199626207352,1.9592230218330497,1.056933879852295,-0.0918579250574112
stream_20260726_225642,828,1785077967.138369,lower_to_right,move the robot from the lowermost vessel to the right side,80.14608764648438,56.390106201171875,0.7027991414070129,0.7113882899284363,2.081961985343085,-0.09637141972780228,-0.3521915376186371
stream_20260726_225642,832,1785077967.843644,lower_to_right,move the robot from the lowermost vessel to the right side,80.16558837890625,56.40984344482422,0.7771795988082886,0.6292789578437805,2.091731788400585,0.9150795340538025,-0.30083030462265015
stream_20260726_225642,836,1785077968.543284,lower_to_right,move the robot from the lowermost vessel to the right side,80.28137969970703,56.42938232421875,0.21193566918373108,-0.9772835969924927,2.1908712545894726,0.848456621170044,0.07694172859191895
stream_20260726_225642,840,1785077969.268449,lower_to_right,move the robot from the lowermost vessel to the right side,80.28379821777344,56.28334045410156,0.9487457275390625,0.3160404562950134,2.2518361104429836,0.8945269584655762,-0.21058934926986694
stream_20260726_225642,844,1785077969.991033,lower_to_right,move the robot from the lowermost vessel to the right side,80.28437805175781,56.28333282470703,0.01239337120205164,0.9999231696128845,2.2523630891272393,1.069995641708374,0.13026781380176544
stream_20260726_225642,848,1785077970.724627,lower_to_right,move the robot from the lowermost vessel to the right side,80.26416778564453,56.283607482910156,0.9999929070472717,-0.003775338875129819,2.2340067962778085,-0.0012905651237815619,-0.001471781637519598
stream_20260726_225642,852,1785077971.453273,lower_to_right,move the robot from the lowermost vessel to the right side,80.2830810546875,56.178855895996094,-0.012289891950786114,-0.9999244809150696,2.2979922250676936,0.7952501177787781,-0.3850248157978058
stream_20260726_225642,856,1785077972.1651268,lower_to_right,move the robot from the lowermost vessel to the right side,80.16425323486328,56.28498458862305,-0.9999264478683472,0.01212612260133028,2.1437397676442833,-0.0041998326778411865,0.011539225466549397
stream_20260726_225642,860,1785077972.8944361,lower_to_right,move the robot from the lowermost vessel to the right side,80.18792724609375,56.28453826904297,-0.9998236894607544,0.018774155527353287,2.165104700723513,-0.00853012502193451,0.007463918998837471
stream_20260726_225642,866,1785077973.963012,return_to_left,Go back to the start from the nearest way,80.16275787353516,56.1802978515625,-0.012477168813347816,-0.9999221563339233,2.1915531864735875,-0.8865290284156799,-0.41047149896621704
stream_20260726_225642,871,1785077975.090527,return_to_left,Go back to the start from the nearest way,80.16425323486328,56.28498458862305,-0.9999054670333862,0.013752168044447899,2.1437397676442833,-1.098351240158081,0.0021625857334583998
stream_20260726_225642,874,1785077975.640596,return_to_left,Go back to the start from the nearest way,80.260498046875,56.28302001953125,0.9997718334197998,0.021360939368605614,2.230953311729211,-1.0635159015655518,-0.04954433813691139
stream_20260726_225642,878,1785077976.336276,return_to_left,Go back to the start from the nearest way,80.16424560546875,56.28498077392578,-0.999819815158844,0.01898130774497986,2.143734672189939,-1.0209259986877441,0.00350080244243145
stream_20260726_225642,882,1785077977.068065,return_to_left,Go back to the start from the nearest way,77.56098937988281,56.966773986816406,-0.8647111654281616,-0.5022693276405334,0.7449514139715049,-1.0609767436981201,-0.11525361239910126
stream_20260726_225642,886,1785077977.813901,return_to_left,Go back to the start from the nearest way,74.88143920898438,57.030574798583984,-0.4111716151237488,-0.9115579128265381,3.3756998121551436,-1.0269529819488525,0.03664086014032364
stream_20260726_225642,891,1785077978.728416,return_to_left,Go back to the start from the nearest way,74.86054229736328,57.30162048339844,0.011534920893609524,0.9999334216117859,3.389850762536556,-1.028092622756958,-0.0730358138680458
stream_20260726_225642,895,1785077979.525407,return_to_left,Go back to the start from the nearest way,74.97798156738281,56.97935485839844,-0.00406776275485754,-0.9999917149543762,3.283192564571741,-1.0610077381134033,0.00463406927883625
stream_20260726_225642,899,1785077980.247613,return_to_left,Go back to the start from the nearest way,74.95352172851562,57.354671478271484,0.9889142513275146,-0.14848749339580536,3.2981396442134088,-1.052251935005188,-0.07202527672052383
stream_20260726_225642,903,1785077980.9586098,return_to_left,Go back to the start from the nearest way,74.96147155761719,57.22624206542969,0.9979149699211121,-0.0645427331328392,3.288614260720733,-1.0287396907806396,-0.2796446979045868
stream_20260726_225642,906,1785077981.492298,return_to_left,Go back to the start from the nearest way,74.9770278930664,57.22604751586914,0.9644960761070251,-0.2640972435474396,3.2730597510985597,-0.9108625650405884,-0.38683024048805237
stream_20260726_225642,910,1785077982.213732,return_to_left,Go back to the start from the nearest way,74.86253356933594,57.47220230102539,0.011473541148006916,0.999934196472168,3.3947463353624676,-0.9634579420089722,-0.34759533405303955
stream_20260726_225642,915,1785077983.118755,return_to_left,Go back to the start from the nearest way,74.76500701904297,57.347137451171875,-0.9700385332107544,0.24295109510421753,3.4863464775807844,-0.9861270785331726,-0.2864433526992798
stream_20260726_225642,918,1785077983.690351,return_to_left,Go back to the start from the nearest way,74.86400604248047,57.595603942871094,0.007064657285809517,0.9999750852584839,3.403585927472204,-1.0722368955612183,-0.0013081770157441497
stream_20260726_225642,922,1785077984.403321,return_to_left,Go back to the start from the nearest way,74.97846221923828,57.35138702392578,0.9659808874130249,-0.2586134970188141,3.2731084277139124,-1.0797332525253296,-0.07479340583086014
stream_20260726_225642,926,1785077985.098806,return_to_left,Go back to the start from the nearest way,74.76502990722656,57.34910202026367,-0.985505998134613,0.16964055597782135,3.4863788890402665,-1.0190449953079224,0.0005167070776224136
stream_20260726_225642,930,1785077985.7985122,return_to_left,Go back to the start from the nearest way,74.976806640625,57.35541534423828,0.7388186454772949,-0.673904299736023,3.2748904046788305,-1.0531831979751587,-0.17078320682048798
stream_20260726_225642,934,1785077986.5237918,return_to_left,Go back to the start from the nearest way,74.98230743408203,57.345375061035156,0.01329169049859047,0.9999116063117981,3.2690841389635446,-0.9534161686897278,-0.1746102124452591
stream_20260726_225642,938,1785077987.2429829,return_to_left,Go back to the start from the nearest way,74.97820281982422,57.47475814819336,0.9864083528518677,0.16431234776973724,3.2795080444154276,-0.9937572479248047,-0.23747459053993225
stream_20260726_225642,942,1785077987.989441,return_to_left,Go back to the start from the nearest way,74.97843933105469,57.346580505371094,0.7227172255516052,0.6911438703536987,3.272985946289357,-1.001716136932373,-0.1721484363079071
stream_20260726_225642,946,1785077988.7058702,return_to_left,Go back to the start from the nearest way,74.86258697509766,57.47624588012695,0.005283742677420378,0.9999860525131226,3.394960117520155,-1.011682391166687,-0.0052615199238061905
stream_20260726_225642,950,1785077989.399383,return_to_left,Go back to the start from the nearest way,74.27916717529297,59.49427795410156,0.08878108859062195,-0.9960511326789856,4.561172750185759,-1.0279749631881714,-0.04380088299512863
stream_20260726_225642,961,1785077991.3798358,return_to_left,Go back to the start from the nearest way,74.98089599609375,60.771697998046875,0.42653191089630127,0.9044725298881531,4.805142846763585,-1.0056827068328857,0.0216815248131752
stream_20260726_225642,965,1785077992.118187,return_to_left,Go back to the start from the nearest way,74.6812973022461,60.58973693847656,-0.6794435381889343,0.7337278127670288,4.887686749698758,-0.9960823059082031,-0.12975233793258667
stream_20260726_225642,969,1785077992.828626,return_to_left,Go back to the start from the nearest way,74.65045166015625,60.49121856689453,0.9983411431312561,-0.05757615715265274,4.8437842694791575,-1.031813144683838,-0.11258339881896973
stream_20260726_225642,973,1785077993.553483,return_to_left,Go back to the start from the nearest way,74.65510559082031,60.490753173828125,0.0210996326059103,0.9997773170471191,4.840015180433677,-1.0417406558990479,-0.013924980536103249
stream_20260726_225642,977,1785077994.268096,return_to_left,Go back to the start from the nearest way,74.53345489501953,60.51707458496094,0.012320036999881268,-0.9999240636825562,4.948381943731907,-1.02408766746521,-0.23565995693206787
stream_20260726_225642,981,1785077994.9831822,return_to_left,Go back to the start from the nearest way,74.65626525878906,60.591346740722656,0.011930600740015507,0.9999287724494934,4.907089507225679,-0.7131971120834351,0.1909629851579666
stream_20260726_225642,988,1785077996.2279072,return_to_left,Go back to the start from the nearest way,75.0123291015625,59.67759323120117,-0.03798789158463478,0.99927818775177,4.046692691910621,-1.0304375886917114,-0.025609971955418587
stream_20260726_225642,992,1785077996.9281569,return_to_left,Go back to the start from the nearest way,74.89253234863281,60.11098098754883,0.9980722069740295,-0.06206405162811279,4.411099776823572,-0.997719943523407,0.05307121202349663
stream_20260726_225642,996,1785077997.66339,return_to_left,Go back to the start from the nearest way,74.79655456542969,60.13725662231445,-0.7066942453384399,-0.7075190544128418,4.501392692562292,-1.0742894411087036,-0.1460474133491516
stream_20260726_225642,999,1785077998.202677,return_to_left,Go back to the start from the nearest way,74.893310546875,60.110939025878906,0.9777843952178955,-0.2096133977174759,4.4104802680113595,-1.0141222476959229,-0.042304687201976776
stream_20260726_225642,1003,1785077998.963238,return_to_left,Go back to the start from the nearest way,74.87540435791016,60.23664093017578,0.9999196529388428,-0.012675868347287178,4.506430937384153,-1.0154345035552979,-0.008254323154687881
stream_20260726_225642,1007,1785077999.694006,return_to_left,Go back to the start from the nearest way,74.89315795898438,60.11093521118164,0.999735951423645,-0.02297879382967949,4.410593924961681,-1.0621702671051025,-0.07585079222917557
stream_20260726_225642,1011,1785078000.4051049,return_to_left,Go back to the start from the nearest way,74.89480590820312,60.235382080078125,0.011691577732563019,0.9999316334724426,4.491083784308666,-1.0598609447479248,0.008650614880025387
stream_20260726_225642,1015,1785078001.1181178,return_to_left,Go back to the start from the nearest way,74.89244079589844,60.115962982177734,0.1783076524734497,-0.9839747548103333,4.414402295244534,-1.0539183616638184,0.10502319037914276
stream_20260726_225642,1019,1785078001.852386,return_to_left,Go back to the start from the nearest way,74.7771224975586,60.132720947265625,-0.24611112475395203,-0.9692416191101074,4.513419790665131,-0.9880655407905579,-0.020259179174900055
stream_20260726_225642,1023,1785078002.6294,return_to_left,Go back to the start from the nearest way,74.86905670166016,60.111297607421875,0.9998869895935059,-0.01503559947013855,4.429198752012292,-0.9652058482170105,-0.2862321138381958
stream_20260726_225642,1027,1785078003.347359,return_to_left,Go back to the start from the nearest way,74.77835083007812,60.23731231689453,-0.9840598106384277,0.17783792316913605,4.57999812638488,-1.0684175491333008,-0.005368970800191164
stream_20260726_225642,1030,1785078003.908823,return_to_left,Go back to the start from the nearest way,74.6762466430664,60.13902282714844,-0.7211239337921143,-0.6928060054779053,4.595450571160447,-0.9207168817520142,-0.5262996554374695
stream_20260726_225642,1034,1785078004.679211,return_to_left,Go back to the start from the nearest way,74.89191436767578,59.990509033203125,-0.005464191548526287,-0.9999850392341614,4.334412171804877,-1.0161515474319458,-0.07159654051065445
stream_20260726_225642,1038,1785078005.4037719,return_to_left,Go back to the start from the nearest way,74.87705993652344,60.710472106933594,0.6475991010665894,0.7619812488555908,4.83234848439873,-1.016302227973938,-0.03623473271727562
stream_20260726_230502,0,1785078314.0514638,upper_to_right,move the robot from the uppermost vessel to the right side,80.64678955078125,56.40400314331055,1.0,0.0,2.5417141523512474,0.9917226433753967,0.09441293776035309
stream_20260726_230502,5,1785078315.016625,upper_to_right,move the robot from the uppermost vessel to the right side,80.22297668457031,56.223350524902344,-0.6909655928611755,0.7228876352310181,2.224105695010099,1.0305569171905518,0.04607045277953148
stream_20260726_230502,10,1785078315.9117491,upper_to_right,move the robot from the uppermost vessel to the right side,79.80448913574219,56.41423797607422,-0.9098404049873352,0.41495853662490845,1.7649177413627557,1.0365351438522339,0.0656432956457138
stream_20260726_230502,14,1785078316.681588,upper_to_right,move the robot from the uppermost vessel to the right side,79.80448913574219,56.41423797607422,-0.9098404049873352,0.41495853662490845,1.7649177413627557,1.076025366783142,0.07420961558818817
stream_20260726_230502,18,1785078317.376572,upper_to_right,move the robot from the uppermost vessel to the right side,79.80448913574219,56.41423797607422,-0.9098404049873352,0.41495853662490845,1.7649177413627557,0.6664648056030273,-0.01945347711443901
stream_20260726_230502,22,1785078318.111645,upper_to_right,move the robot from the uppermost vessel to the right side,79.80448913574219,56.41423797607422,-0.9098404049873352,0.41495853662490845,1.7649177413627557,0.995803952217102,0.08606306463479996
stream_20260726_230502,26,1785078318.90122,upper_to_right,move the robot from the uppermost vessel to the right side,79.80448913574219,56.41423797607422,-0.9098404049873352,0.41495853662490845,1.7649177413627557,0.9309989213943481,0.1586199849843979
stream_20260726_230502,30,1785078319.6869571,upper_to_right,move the robot from the uppermost vessel to the right side,79.80448913574219,56.41423797607422,-0.9098404049873352,0.41495853662490845,1.7649177413627557,1.0406204462051392,0.08163638412952423
stream_20260726_230502,38,1785078321.066321,return_to_left,Go back to the start from the nearest way,79.80448913574219,56.41423797607422,-0.9098404049873352,0.41495853662490845,1.7649177413627557,-1.051163673400879,-0.1854429394006729
stream_20260726_230502,41,1785078321.671904,return_to_left,Go back to the start from the nearest way,79.80448913574219,56.41423797607422,-0.9098404049873352,0.41495853662490845,1.7649177413627557,-1.0045522451400757,0.028053218498826027
stream_20260726_230502,45,1785078322.376589,return_to_left,Go back to the start from the nearest way,79.80448913574219,56.41423797607422,-0.9098404049873352,0.41495853662490845,1.7649177413627557,-0.9349629282951355,-0.005554077215492725
stream_20260726_230502,49,1785078323.127677,return_to_left,Go back to the start from the nearest way,73.58350372314453,56.36436462402344,-0.9999275207519531,0.012040031142532825,4.749793418780136,-1.0510165691375732,-0.18706014752388
stream_20260726_230502,203,1785078351.366157,lower_to_right,move the robot from the lowermost vessel to the right side,77.1290512084961,57.80079650878906,0.7398513555526733,0.6727703213691711,1.2489607629018167,0.9978963136672974,-0.060656774789094925
stream_20260726_230502,207,1785078352.081693,lower_to_right,move the robot from the lowermost vessel to the right side,78.1121597290039,56.160396575927734,0.06990056484937668,0.9975539445877075,1.0982875589108174,1.0017237663269043,-0.06273683905601501
stream_20260726_230502,210,1785078352.6312032,lower_to_right,move the robot from the lowermost vessel to the right side,78.83740997314453,56.181800842285156,0.03144378960132599,-0.9995055198669434,1.2190569786077927,1.0194125175476074,0.1639973670244217
stream_20260726_230502,211,1785078352.801821,lower_to_right,move the robot from the lowermost vessel to the right side,78.71797943115234,56.177467346191406,-0.9993425011634827,-0.03625624626874924,1.1701841912568192,0.0028540389612317085,0.0005374390166252851
stream_20260726_230502,214,1785078354.191944,lower_to_right,move the robot from the lowermost vessel to the right side,78.7170181274414,56.17742919921875,-0.9993425011634827,-0.03625624626874924,1.169835054205254,0.9154587984085083,0.08118229359388351
stream_20260726_230502,217,1785078354.7210839,lower_to_right,move the robot from the lowermost vessel to the right side,78.7170181274414,56.17742919921875,-0.9993425011634827,-0.03625624626874924,1.169835054205254,1.0485786199569702,0.02851133421063423
stream_20260726_230502,221,1785078355.436057,lower_to_right,move the robot from the lowermost vessel to the right side,78.7170181274414,56.17742919921875,-0.9993425011634827,-0.03625624626874924,1.169835054205254,0.9465135931968689,0.04109194502234459
stream_20260726_230502,226,1785078356.296075,lower_to_right,move the robot from the lowermost vessel to the right side,78.7170181274414,56.17742919921875,-0.9993425011634827,-0.03625624626874924,1.169835054205254,-0.004872265737503767,0.018123332411050797
stream_20260726_230502,230,1785078357.006621,lower_to_right,move the robot from the lowermost vessel to the right side,78.7170181274414,56.17742919921875,-0.9993425011634827,-0.03625624626874924,1.169835054205254,0.8817511200904846,-0.07156935334205627
stream_20260726_230502,237,1785078358.337088,return_to_left,Go back to the start from the nearest way,78.7170181274414,56.17742919921875,-0.9993425011634827,-0.03625624626874924,1.169835054205254,-1.0356574058532715,-0.009647863917052746
stream_20260726_230502,241,1785078359.05086,return_to_left,Go back to the start from the nearest way,78.7167739868164,56.157432556152344,0.012112230062484741,0.9999266266822815,1.1880999849020637,-0.9716354012489319,0.021980538964271545
stream_20260726_230502,245,1785078359.836132,return_to_left,Go back to the start from the nearest way,78.62054443359375,56.178585052490234,-0.9999281764030457,0.011980160139501095,1.1336812457717853,-1.0827052593231201,-0.005981628783047199
stream_20260726_230502,249,1785078360.571681,return_to_left,Go back to the start from the nearest way,76.8055191040039,56.440670013427734,-0.9964510798454285,0.08417336642742157,1.655759670381768,-1.0190789699554443,-0.15394319593906403
stream_20260726_230502,384,1785078385.0863879,upper_to_right,move the robot from the uppermost vessel to the right side,79.12835693359375,52.42038345336914,0.9822335243225098,0.18766281008720398,4.9088396684229565,0.9018211364746094,-0.4772343635559082
stream_20260726_230502,391,1785078386.41193,upper_to_right,move the robot from the uppermost vessel to the right side,79.01537322998047,52.89289855957031,0.5842399597167969,0.811581015586853,4.423813868526251,0.981096088886261,-0.22601942718029022
stream_20260726_230502,395,1785078387.106048,upper_to_right,move the robot from the uppermost vessel to the right side,78.9410629272461,54.70102310180664,-0.048107586801052094,-0.9988421201705933,2.640994357611803,1.0416325330734253,0.09402851015329361
stream_20260726_230502,396,1785078387.28063,upper_to_right,move the robot from the uppermost vessel to the right side,78.96453094482422,54.8031120300293,-0.9920081496238708,-0.1261739730834961,2.5490812479594958,0.8559343218803406,-0.49626535177230835
stream_20260726_230502,399,1785078388.556389,upper_to_right,move the robot from the uppermost vessel to the right side,79.9386978149414,57.53272247314453,0.015168924815952778,0.9998849034309387,1.7122010124424176,1.0660115480422974,-0.14636501669883728
stream_20260726_231426,421,1785078951.5160499,upper_to_right,move the robot from the uppermost vessel to the right side,79.52714538574219,53.13535690307617,-0.09650242328643799,0.9953327775001526,4.308292950970891,1.0638996362686157,-0.13508589565753937
stream_20260726_231426,424,1785078952.0667741,upper_to_right,move the robot from the uppermost vessel to the right side,79.40685272216797,53.40021514892578,-0.019307175651192665,-0.9998135566711426,4.019844725900241,1.0046240091323853,-0.22319969534873962
stream_20260726_231426,427,1785078952.681359,upper_to_right,move the robot from the uppermost vessel to the right side,79.40657806396484,53.04770278930664,-0.9878924489021301,-0.15514019131660461,4.358551900005994,0.6853527426719666,-0.7097453474998474
stream_20260726_231426,430,1785078953.5670028,upper_to_right,move the robot from the uppermost vessel to the right side,79.40217590332031,53.06315994262695,-0.02376498468220234,-0.9997175931930542,4.342480740108759,0.8730289936065674,-0.5531413555145264
stream_20260726_231426,433,1785078954.110796,upper_to_right,move the robot from the uppermost vessel to the right side,79.52125549316406,53.044822692871094,0.7022032141685486,0.7119765281677246,4.39313176598332,0.8451579809188843,-0.5468565821647644
stream_20260726_231426,437,1785078954.8611898,upper_to_right,move the robot from the uppermost vessel to the right side,79.51750946044922,53.04103088378906,0.7021860480308533,0.7119934558868408,4.395679839745583,0.9975695013999939,-0.09106761962175369
stream_20260726_231426,445,1785078956.221507,return_to_left,Go back to the start from the nearest way,79.5206527709961,52.92096710205078,0.02623768337070942,-0.9996557235717773,4.5116609243123165,-1.0518624782562256,0.1317567229270935
stream_20260726_231426,449,1785078956.9947038,return_to_left,Go back to the start from the nearest way,79.5206527709961,52.92096710205078,-0.01231998298317194,-0.9999241828918457,4.5116609243123165,-0.9224503040313721,-0.3054618835449219
stream_20260726_231426,452,1785078957.5228128,return_to_left,Go back to the start from the nearest way,79.5206527709961,52.92096710205078,-0.01231998298317194,-0.9999241828918457,4.5116609243123165,-1.0266913175582886,0.017621027305722237
stream_20260726_231426,456,1785078958.346221,return_to_left,Go back to the start from the nearest way,79.51679992675781,52.92100524902344,0.9999533891677856,-0.009653015062212944,4.510540722398616,-1.060675859451294,0.013359607197344303
stream_20260726_231426,460,1785078959.0416791,return_to_left,Go back to the start from the nearest way,79.52056121826172,52.916141510009766,0.018658777698874474,0.9998258948326111,4.516265627773807,-1.0611034631729126,-0.017936788499355316
stream_20260726_231426,463,1785078959.610838,return_to_left,Go back to the start from the nearest way,79.51941680908203,52.820125579833984,-0.012257297523319721,-0.9999248385429382,4.608167359549911,-0.9462887644767761,-0.2424035221338272
stream_20260726_231426,467,1785078960.390305,return_to_left,Go back to the start from the nearest way,79.51911926269531,52.796165466308594,-0.012257297523319721,-0.9999248385429382,4.631123595462168,-1.0058249235153198,0.04998689517378807
stream_20260726_231426,471,1785078961.0865128,return_to_left,Go back to the start from the nearest way,79.51834869384766,52.796173095703125,0.9999538660049438,-0.009604468010365963,4.630905149387508,-1.0722417831420898,-0.0903707891702652
stream_20260726_231426,475,1785078961.80103,return_to_left,Go back to the start from the nearest way,79.51526641845703,52.796207427978516,0.9999328851699829,-0.011584527790546417,4.630028875100979,-1.0913910865783691,-0.024100154638290405
stream_20260726_231426,479,1785078962.5112379,return_to_left,Go back to the start from the nearest way,79.51911926269531,52.796173095703125,-0.012018553912639618,-0.999927818775177,4.63111625813723,-0.9127246141433716,-0.10377214848995209
stream_20260726_231426,483,1785078963.311448,return_to_left,Go back to the start from the nearest way,79.42277526855469,52.797088623046875,-0.9999539256095886,0.009596639312803745,4.604760749651614,-1.0114613771438599,0.023467669263482094
stream_20260726_231426,487,1785078964.0106602,return_to_left,Go back to the start from the nearest way,79.51911926269531,52.796165466308594,0.9999538660049438,-0.00960161630064249,4.631123595462168,-0.912011981010437,-0.37931081652641296
stream_20260726_231426,491,1785078964.781139,return_to_left,Go back to the start from the nearest way,79.51896667480469,52.796165466308594,0.9999540448188782,-0.009586434811353683,4.631081782398904,-1.052907943725586,0.03708558902144432
stream_20260726_231426,494,1785078965.317076,return_to_left,Go back to the start from the nearest way,79.53743743896484,54.285316467285156,0.012302545830607414,0.9999244213104248,3.232157732598909,-1.0145585536956787,-0.35985472798347473
stream_20260726_231426,498,1785078966.071289,return_to_left,Go back to the start from the nearest way,75.92234802246094,54.52316665649414,-0.07362387329339981,-0.9972860813140869,3.5851895084914065,-1.0240837335586548,-0.03412209078669548
stream_20260726_231426,502,1785078966.851489,return_to_left,Go back to the start from the nearest way,75.80062866210938,54.80968475341797,0.011806001886725426,0.9999303221702576,3.457536471764373,-0.9845632314682007,-0.347784161567688
stream_20260726_231426,506,1785078967.5462909,return_to_left,Go back to the start from the nearest way,75.67957305908203,54.81101608276367,0.011500496417284012,0.9999338984489441,3.5434075700001504,-0.9168155193328857,-0.1835189014673233
stream_20260726_231426,509,1785078968.090542,return_to_left,Go back to the start from the nearest way,75.67957305908203,54.81121063232422,0.011896610260009766,0.9999292492866516,3.543273661246806,-1.0397119522094727,0.009238098748028278
stream_20260726_231426,513,1785078968.801085,return_to_left,Go back to the start from the nearest way,75.67981719970703,54.83204650878906,0.011781214736402035,0.9999306201934814,3.5287871446973065,-1.0251564979553223,-0.017671003937721252
stream_20260726_231426,517,1785078969.5112162,return_to_left,Go back to the start from the nearest way,75.67839050292969,54.71184539794922,-0.011819868348538876,-0.9999301433563232,3.6132262853762405,-0.9994885921478271,-0.09199126064777374
stream_20260726_231426,522,1785078970.431333,return_to_left,Go back to the start from the nearest way,75.70172119140625,54.73463821411133,-0.7003346085548401,-0.7138146758079529,3.580610255282894,-1.0488561391830444,-0.020400214940309525
stream_20260726_231426,526,1785078971.151434,return_to_left,Go back to the start from the nearest way,75.7999496459961,54.83373260498047,0.7032927870750427,0.7109004259109497,3.441089196953363,-1.0610618591308594,-0.02616049535572529
stream_20260726_231426,529,1785078971.705636,return_to_left,Go back to the start from the nearest way,75.67912292480469,54.71084213256836,-0.9999403357505798,0.010928592644631863,3.6134099700289757,-1.051017165184021,-0.05290072038769722
stream_20260726_231426,533,1785078972.460874,return_to_left,Go back to the start from the nearest way,75.68318939208984,54.71080017089844,-0.9999399781227112,0.01095433160662651,3.610547391876959,-1.0288355350494385,-0.15087895095348358
stream_20260726_231426,538,1785078973.331445,return_to_left,Go back to the start from the nearest way,75.77523040771484,54.70979309082031,0.9999400973320007,-0.010949399322271347,3.5464257607263483,-1.0919557809829712,-0.11480734497308731
stream_20260726_231426,541,1785078973.8907578,return_to_left,Go back to the start from the nearest way,75.6776123046875,54.71105194091797,0.967857837677002,-0.2514977753162384,3.614337519063704,-0.9863909482955933,-0.22867542505264282
stream_20260726_231426,544,1785078974.5103118,return_to_left,Go back to the start from the nearest way,75.6793441772461,54.71084213256836,-0.9999403953552246,0.01091811340302229,3.613252556187923,-1.0479108095169067,0.01111297681927681
stream_20260726_231426,548,1785078975.242058,return_to_left,Go back to the start from the nearest way,75.55812072753906,54.712162017822266,-0.9999412894248962,0.010829181410372257,3.699572359244887,-1.0366363525390625,-0.09458067268133163
stream_20260726_231426,552,1785078976.019548,return_to_left,Go back to the start from the nearest way,75.67449951171875,54.71089172363281,0.9999405145645142,-0.010906298644840717,3.616666089681671,-0.9595502018928528,-0.030935650691390038
stream_20260726_231426,554,1785078976.716197,return_to_left,Go back to the start from the nearest way,75.55707550048828,54.692138671875,0.011328291147947311,0.9999358654022217,3.7140943625583653,-0.998629629611969,-0.16199027001857758
stream_20260726_231426,557,1785078977.295769,return_to_left,Go back to the start from the nearest way,75.6783447265625,54.710853576660156,0.9999432563781738,-0.010649895295500755,3.613955645073473,-1.0061073303222656,-0.17461352050304413
stream_20260726_231426,561,1785078978.025981,return_to_left,Go back to the start from the nearest way,75.57759857177734,54.707942962646484,-0.9789742827415466,0.20398364961147308,3.688330703004413,-1.0477709770202637,-0.10622148215770721
stream_20260726_231426,565,1785078978.730825,return_to_left,Go back to the start from the nearest way,74.97430419921875,54.593448638916016,-0.9999548196792603,0.009504325687885284,4.217516818381769,-1.0338025093078613,0.0734383836388588
stream_20260726_231426,713,1785079005.6652741,upper_to_right,move the robot from the uppermost vessel to the right side,79.27898406982422,52.86637878417969,0.014942959882318974,0.9998883605003357,4.502770611494879,0.9823574423789978,-0.1424897462129593
stream_20260726_231426,721,1785079007.181036,upper_to_right,move the robot from the uppermost vessel to the right side,79.49456024169922,52.915283203125,0.9771115779876709,0.2127276360988617,4.509844776079181,1.051306962966919,0.02997003309428692
stream_20260726_231426,725,1785079007.8858812,upper_to_right,move the robot from the uppermost vessel to the right side,79.4010238647461,52.922115325927734,-0.9997997879981995,0.020009828731417656,4.4783302345053375,0.9162353873252869,-0.5221356749534607
stream_20260726_231426,729,1785079008.655817,upper_to_right,move the robot from the uppermost vessel to the right side,79.40487670898438,52.92208480834961,-0.9999534487724304,0.009649830870330334,4.4793515288569195,0.4155932068824768,-0.72472083568573
stream_20260726_231426,735,1785079009.9359639,return_to_left,Go back to the start from the nearest way,79.55580139160156,55.792057037353516,0.29408586025238037,0.9557790160179138,1.9572212334427055,-1.0558128356933594,-0.07391555607318878
stream_20260726_231426,739,1785079010.745206,return_to_left,Go back to the start from the nearest way,74.89087677001953,59.979618072509766,0.1700175255537033,0.9854410290718079,4.328339600350964,-1.0283430814743042,0.05404312536120415
stream_20260726_231426,743,1785079011.475657,return_to_left,Go back to the start from the nearest way,74.7705307006836,59.98242950439453,0.011634942144155502,0.9999322891235352,4.4241245011155765,-1.0438928604125977,-0.25640302896499634
stream_20260726_231426,747,1785079012.1808739,return_to_left,Go back to the start from the nearest way,74.76940155029297,59.886077880859375,-0.011700157076120377,-0.9999315142631531,4.366173629398978,-1.0345044136047363,-0.25629284977912903
stream_20260726_231426,751,1785079012.89078,return_to_left,Go back to the start from the nearest way,74.76911926269531,59.8619499206543,-0.011663503013551235,-0.999932050704956,4.351874664480218,-0.9936659336090088,0.04056571051478386
stream_20260726_231426,755,1785079013.600737,return_to_left,Go back to the start from the nearest way,74.76834106445312,59.86180114746094,0.9998884797096252,-0.014933973550796509,4.3524078597199125,-1.0998804569244385,-0.25943249464035034
stream_20260726_231426,759,1785079014.311126,return_to_left,Go back to the start from the nearest way,74.76911163330078,59.860984802246094,0.011686773039400578,0.9999316930770874,4.351301582168492,-0.9789588451385498,-0.013292301446199417
stream_20260726_231426,931,1785079046.406931,upper_to_right,move the robot from the uppermost vessel to the right side,79.44607543945312,54.82001876831055,-0.16016599535942078,-0.9870901107788086,2.70839532624504,1.1042234897613525,0.020040621981024742
stream_20260726_231426,934,1785079047.022162,upper_to_right,move the robot from the uppermost vessel to the right side,79.52064514160156,52.92020797729492,0.012363349087536335,0.9999235272407532,4.5123871770667225,0.6739199757575989,-0.8136210441589355
stream_20260726_231426,937,1785079047.535404,upper_to_right,move the robot from the uppermost vessel to the right side,79.51679992675781,52.92100524902344,0.9999533891677856,-0.009653015062212944,4.510540722398616,1.0321234464645386,-0.20141707360744476
stream_20260726_231426,940,1785079048.057137,upper_to_right,move the robot from the uppermost vessel to the right side,79.5206527709961,52.92096710205078,0.020056145265698433,0.9997988343238831,4.5116609243123165,0.9471865296363831,-0.5365244746208191
stream_20260726_231426,943,1785079048.5955148,upper_to_right,move the robot from the uppermost vessel to the right side,79.61763000488281,52.974700927734375,0.12080368399620056,-0.9926764965057373,4.488718523985557,1.0461236238479614,-0.17186956107616425
stream_20260726_231426,946,1785079049.1358342,upper_to_right,move the robot from the uppermost vessel to the right side,79.52852630615234,53.55805206298828,0.012022871524095535,0.9999276995658875,3.9070588791479253,1.0263539552688599,-0.16547749936580658
stream_20260726_231426,954,1785079050.7155259,return_to_left,Go back to the start from the nearest way,79.57070922851562,55.04844665527344,-0.08507145196199417,0.9963748455047607,2.5673157180142554,-1.0127317905426025,-0.023198256269097328
stream_20260726_231916,515,1785079258.096116,upper_to_right,move the robot from the uppermost vessel to the right side,77.99069213867188,61.10472106933594,0.8476229310035706,-0.5305989980697632,3.863433070382993,1.0246086120605469,-0.08215324580669403
stream_20260726_231916,516,1785079258.280124,upper_to_right,move the robot from the uppermost vessel to the right side,79.20694732666016,59.61766815185547,0.4275142550468445,-0.904008686542511,2.5537424817926944,1.022973895072937,0.17062103748321533
stream_20260726_231916,517,1785079258.459863,upper_to_right,move the robot from the uppermost vessel to the right side,79.16313934326172,58.525733947753906,-0.4846888482570648,-0.8746866583824158,1.568859638611501,1.035593032836914,0.1414688676595688
stream_20260726_231916,518,1785079258.639801,upper_to_right,move the robot from the uppermost vessel to the right side,80.4798355102539,57.41400909423828,0.9867326021194458,-0.16235356032848358,2.2358589816404253,1.029887080192566,-0.00227535143494606
stream_20260726_231916,519,1785079258.815994,upper_to_right,move the robot from the uppermost vessel to the right side,81.58247375488281,57.36692428588867,0.8525508642196655,0.5226442813873291,3.334524346231907,1.010046362876892,-0.12956871092319489
stream_20260726_231916,520,1785079258.9950202,upper_to_right,move the robot from the uppermost vessel to the right side,82.9188003540039,56.91008377075195,0.40326184034347534,-0.9150846600532532,4.681157953803013,1.0575004816055298,0.16884520649909973
stream_20260726_231916,521,1785079259.1699111,upper_to_right,move the robot from the uppermost vessel to the right side,82.813720703125,56.752933502197266,-0.5558314919471741,-0.8312950730323792,4.590710376332798,-0.01279844157397747,-0.0010924463858827949
stream_20260726_231916,522,1785079259.344908,upper_to_right,move the robot from the uppermost vessel to the right side,82.92797088623047,56.750247955322266,0.9998942613601685,-0.014536820352077484,4.704589644015666,0.8593485355377197,-0.2431172877550125
stream_20260726_231916,523,1785079259.521371,upper_to_right,move the robot from the uppermost vessel to the right side,82.93429565429688,56.87382125854492,0.05107201635837555,0.9986949563026428,4.699376152468252,1.0791150331497192,-0.007723466958850622
stream_20260726_231916,524,1785079259.694965,upper_to_right,move the robot from the uppermost vessel to the right side,82.81536865234375,56.87230682373047,-0.2208789438009262,0.975301206111908,4.580965298624686,-0.0042056730017066,0.012615034356713295
stream_20260726_231916,525,1785079259.89077,upper_to_right,move the robot from the uppermost vessel to the right side,82.92955017089844,56.874847412109375,0.9999831318855286,-0.005815708078444004,4.694563799348842,0.9671188592910767,-0.1489017754793167
stream_20260726_231916,526,1785079260.06027,upper_to_right,move the robot from the uppermost vessel to the right side,82.83814239501953,56.856075286865234,-0.7602086663246155,0.6496790051460266,4.605021967004486,1.1027114391326904,0.1717943549156189
stream_20260726_231916,527,1785079260.2997508,upper_to_right,move the robot from the uppermost vessel to the right side,82.81581115722656,56.97999572753906,0.0109119126573205,0.9999403953552246,4.573787689716448,0.92844158411026,-0.44403260946273804
stream_20260726_231916,528,1785079260.4928849,upper_to_right,move the robot from the uppermost vessel to the right side,82.8160400390625,57.000938415527344,0.0109119126573205,0.9999403953552246,4.5728277150120045,0.9387275576591492,-0.020269840955734253
stream_20260726_231916,529,1785079260.67991,upper_to_right,move the robot from the uppermost vessel to the right side,82.91195678710938,56.99976348876953,0.9999210834503174,-0.012566618621349335,4.668667839590643,1.0319284200668335,0.2161870002746582
stream_20260726_231916,530,1785079260.849733,upper_to_right,move the robot from the uppermost vessel to the right side,82.72083282470703,56.99818420410156,-0.9851731657981873,0.17156271636486053,4.4779188627689335,1.062004804611206,0.055338338017463684
stream_20260726_231916,531,1785079261.019265,upper_to_right,move the robot from the uppermost vessel to the right side,82.6978530883789,57.122127532958984,-0.02673409692943096,0.999642550945282,4.449690827869834,0.9685783982276917,-0.1072542816400528
stream_20260726_231916,532,1785079261.19999,upper_to_right,move the robot from the uppermost vessel to the right side,82.81352233886719,56.8782844543457,0.42859557271003723,-0.9034964442253113,4.578636105241485,0.9956803321838379,-0.19218923151493073
stream_20260726_231916,533,1785079261.379852,upper_to_right,move the robot from the uppermost vessel to the right side,82.814453125,56.8763313293457,0.42859557271003723,-0.9034964442253113,4.579722765162845,1.053499460220337,-0.11830322444438934
stream_20260726_231916,534,1785079261.5688598,upper_to_right,move the robot from the uppermost vessel to the right side,82.814453125,56.87631607055664,0.42859557271003723,-0.9034964442253113,4.579724010182982,0.9929711818695068,0.026705287396907806
stream_20260726_231916,535,1785079261.739983,upper_to_right,move the robot from the uppermost vessel to the right side,82.814453125,56.87631607055664,0.42859557271003723,-0.9034964442253113,4.579724010182982,1.041398525238037,0.07930587977170944
stream_20260726_231916,536,1785079261.979867,upper_to_right,move the robot from the uppermost vessel to the right side,82.81571960449219,56.97603988647461,0.012698845937848091,0.9999194145202637,4.573931531040571,1.083565354347229,0.08658871054649353
stream_20260726_231916,537,1785079262.164941,upper_to_right,move the robot from the uppermost vessel to the right side,82.81446838378906,56.87727355957031,-0.012749492190778255,-0.9999187588691711,4.579661191180557,0.006861582398414612,0.0018988755764439702
stream_20260726_231916,538,1785079262.360689,upper_to_right,move the robot from the uppermost vessel to the right side,82.814453125,56.876319885253906,-0.012749492190778255,-0.9999187588691711,4.579723698923213,1.0048606395721436,0.030870983377099037
stream_20260726_231916,539,1785079263.40532,upper_to_right,move the robot from the uppermost vessel to the right side,82.81597900390625,56.99598693847656,0.01269933208823204,0.9999194145202637,4.573039131642897,0.6169023513793945,0.0030477801337838173
stream_20260726_231916,540,1785079263.5895019,upper_to_right,move the robot from the uppermost vessel to the right side,82.8160400390625,57.00093078613281,0.01269933208823204,0.9999194145202637,4.572828130557532,1.0815197229385376,0.16128870844841003
stream_20260726_231916,541,1785079263.764884,upper_to_right,move the robot from the uppermost vessel to the right side,82.8160400390625,57.00096893310547,0.01269933208823204,0.9999194145202637,4.572826052956804,1.0364426374435425,-0.02096359059214592
stream_20260726_231916,542,1785079263.939806,upper_to_right,move the robot from the uppermost vessel to the right side,82.8160400390625,57.00096893310547,0.01269933208823204,0.9999194145202637,4.572826052956804,0.8448702692985535,0.05256061628460884
stream_20260726_231916,543,1785079264.109034,upper_to_right,move the robot from the uppermost vessel to the right side,82.8160400390625,57.00096893310547,0.01269933208823204,0.9999194145202637,4.572826052956804,0.9991863369941711,0.20760421454906464
stream_20260726_231916,544,1785079264.288325,upper_to_right,move the robot from the uppermost vessel to the right side,82.8160400390625,57.00096893310547,0.01269933208823204,0.9999194145202637,4.572826052956804,1.029284954071045,0.028962934389710426
stream_20260726_231916,545,1785079264.474821,upper_to_right,move the robot from the uppermost vessel to the right side,82.8160400390625,57.00096893310547,0.01269933208823204,0.9999194145202637,4.572826052956804,0.9915465712547302,-0.07240212708711624
stream_20260726_231916,546,1785079264.7146392,upper_to_right,move the robot from the uppermost vessel to the right side,82.8160400390625,57.00096893310547,0.01269933208823204,0.9999194145202637,4.572826052956804,1.0065230131149292,-0.025635503232479095
stream_20260726_231916,547,1785079264.8996322,upper_to_right,move the robot from the uppermost vessel to the right side,82.8160400390625,57.00096893310547,0.01269933208823204,0.9999194145202637,4.572826052956804,1.025029182434082,-0.0012271447340026498
stream_20260726_231916,548,1785079265.0969129,upper_to_right,move the robot from the uppermost vessel to the right side,82.8160400390625,57.00096893310547,0.01269933208823204,0.9999194145202637,4.572826052956804,0.9775056838989258,-0.066492460668087
stream_20260726_231916,549,1785079265.284896,upper_to_right,move the robot from the uppermost vessel to the right side,82.8160400390625,57.00096893310547,0.01269933208823204,0.9999194145202637,4.572826052956804,1.0136845111846924,0.3132513165473938
stream_20260726_231916,550,1785079265.4649758,upper_to_right,move the robot from the uppermost vessel to the right side,82.8160400390625,57.00096893310547,0.01269933208823204,0.9999194145202637,4.572826052956804,1.0415656566619873,-0.012295154854655266
stream_20260726_231916,551,1785079265.7009091,upper_to_right,move the robot from the uppermost vessel to the right side,82.8160400390625,57.00096893310547,0.01269933208823204,0.9999194145202637,4.572826052956804,1.1119506359100342,-0.050916675478219986
stream_20260726_231916,552,1785079265.883807,upper_to_right,move the robot from the uppermost vessel to the right side,82.8160400390625,57.00096893310547,0.01269933208823204,0.9999194145202637,4.572826052956804,1.0483318567276,0.024885378777980804
stream_20260726_231916,553,1785079266.0741,upper_to_right,move the robot from the uppermost vessel to the right side,82.8160400390625,57.00096893310547,0.01269933208823204,0.9999194145202637,4.572826052956804,-0.00785912200808525,-0.007851352915167809
stream_20260726_231916,554,1785079266.244776,upper_to_right,move the robot from the uppermost vessel to the right side,82.8160400390625,57.00096893310547,0.01269933208823204,0.9999194145202637,4.572826052956804,0.5813566446304321,-0.6297914981842041
stream_20260726_231916,555,1785079266.435025,upper_to_right,move the robot from the uppermost vessel to the right side,82.8160400390625,57.00096893310547,0.01269933208823204,0.9999194145202637,4.572826052956804,1.0113023519515991,0.1723497360944748
stream_20260726_231916,556,1785079266.669774,upper_to_right,move the robot from the uppermost vessel to the right side,82.8160400390625,57.00096893310547,0.01269933208823204,0.9999194145202637,4.572826052956804,1.0043855905532837,-0.07926730066537857
stream_20260726_231916,557,1785079266.854753,upper_to_right,move the robot from the uppermost vessel to the right side,82.8160400390625,57.00096893310547,0.01269933208823204,0.9999194145202637,4.572826052956804,-0.021805908530950546,-0.002172402571886778
stream_20260726_231916,558,1785079267.044692,upper_to_right,move the robot from the uppermost vessel to the right side,82.8160400390625,57.00096893310547,0.01269933208823204,0.9999194145202637,4.572826052956804,1.0251007080078125,0.17727966606616974
stream_20260726_231916,559,1785079267.215769,upper_to_right,move the robot from the uppermost vessel to the right side,82.8160400390625,57.00096893310547,0.01269933208823204,0.9999194145202637,4.572826052956804,1.031637191772461,-0.0037184124812483788
stream_20260726_231916,560,1785079267.384531,upper_to_right,move the robot from the uppermost vessel to the right side,82.8160400390625,57.00096893310547,0.01269933208823204,0.9999194145202637,4.572826052956804,1.086294412612915,0.022560320794582367
stream_20260726_231916,561,1785079267.560513,upper_to_right,move the robot from the uppermost vessel to the right side,82.8160400390625,57.00096893310547,0.01269933208823204,0.9999194145202637,4.572826052956804,1.0167282819747925,0.04873906821012497
stream_20260726_231916,562,1785079267.7275882,upper_to_right,move the robot from the uppermost vessel to the right side,82.8160400390625,57.00096893310547,0.01269933208823204,0.9999194145202637,4.572826052956804,0.9958184957504272,0.005387408658862114
stream_20260726_231916,565,1785079268.109547,return_to_left,Go back to the start from the nearest way,82.8160400390625,57.00096893310547,0.01269933208823204,0.9999194145202637,4.572826052956804,-1.0419564247131348,-0.04562606289982796
stream_20260726_231916,566,1785079268.2801962,return_to_left,Go back to the start from the nearest way,82.8160400390625,57.00096893310547,0.01269933208823204,0.9999194145202637,4.572826052956804,-1.0100209712982178,0.008876178413629532
stream_20260726_231916,567,1785079268.52034,return_to_left,Go back to the start from the nearest way,82.91195678710938,56.99976348876953,0.9999210834503174,-0.012566618621349335,4.668667839590643,-1.0514037609100342,-0.0001322616881225258
stream_20260726_231916,568,1785079268.6891918,return_to_left,Go back to the start from the nearest way,82.81680297851562,57.00096130371094,-0.9999209642410278,0.012576059438288212,4.573588275832067,-1.0705692768096924,-0.0039061845745891333
stream_20260726_231916,569,1785079268.874413,return_to_left,Go back to the start from the nearest way,82.8160400390625,57.00096893310547,-0.9999209642410278,0.012576059438288212,4.572826052956804,-1.0228193998336792,-0.27475446462631226
stream_20260726_231916,570,1785079269.0595,return_to_left,Go back to the start from the nearest way,82.93497467041016,56.999473571777344,0.9999210834503174,-0.012566618621349335,4.691668269775982,-0.9481082558631897,-0.029211584478616714
stream_20260726_231916,571,1785079269.2454789,return_to_left,Go back to the start from the nearest way,82.93592834472656,56.99945831298828,0.9999210834503174,-0.012566618621349335,4.692621398412885,-1.031994104385376,-0.00217619352042675
stream_20260726_231916,572,1785079269.4144099,return_to_left,Go back to the start from the nearest way,82.81700134277344,57.00096130371094,-0.9999205470085144,0.012607382610440254,4.573786345812814,-0.9464918971061707,0.08629538118839264
stream_20260726_231916,573,1785079269.6503968,return_to_left,Go back to the start from the nearest way,82.83982849121094,57.00067138671875,-0.9999207854270935,0.012587199918925762,4.596595515828255,-1.0222389698028564,0.012424537912011147
stream_20260726_231916,574,1785079269.824699,return_to_left,Go back to the start from the nearest way,81.47395324707031,57.36611557006836,-0.9597599506378174,0.2808217704296112,3.2260436086493796,-1.0354689359664917,-0.008682407438755035
stream_20260726_231916,575,1785079269.994824,return_to_left,Go back to the start from the nearest way,80.42340850830078,57.28582763671875,-0.9996535181999207,-0.02632410265505314,2.1737037892746742,-1.1166101694107056,0.04409037530422211
stream_20260726_231916,576,1785079270.166233,return_to_left,Go back to the start from the nearest way,78.62089538574219,57.203834533691406,-0.9963293075561523,-0.08560308068990707,0.3737574580451017,-1.0238245725631714,0.03406393900513649
stream_20260726_231916,577,1785079270.361364,return_to_left,Go back to the start from the nearest way,76.52511596679688,57.08518981933594,-0.9991326332092285,-0.04164084047079086,1.7327398314950806,-1.0464304685592651,0.010428466834127903
stream_20260726_231916,578,1785079270.539844,return_to_left,Go back to the start from the nearest way,75.318603515625,56.97024154663086,-0.999946117401123,0.010378887876868248,2.944715629876271,-1.0363473892211914,0.026831455528736115
stream_20260726_231916,862,1785079322.344366,upper_to_right,move the robot from the uppermost vessel to the right side,82.55921936035156,55.27263259887695,-0.03224627673625946,0.9994798898696899,4.7412396411331965,1.0553532838821411,-0.24310117959976196
stream_20260726_231916,910,1785079331.5344582,return_to_left,Go back to the start from the nearest way,80.79959869384766,53.545345306396484,-0.9837297797203064,-0.1796540915966034,4.49721245868018,-1.0562664270401,-0.08518200367689133
stream_20260726_231916,912,1785079331.9142451,return_to_left,Go back to the start from the nearest way,77.18435668945312,53.43838119506836,-0.9962337017059326,0.08670857548713684,3.9577813961134605,-0.980155348777771,-0.24584679305553436
stream_20260726_231916,913,1785079332.083838,return_to_left,Go back to the start from the nearest way,76.20208740234375,53.202938079833984,-0.9998557567596436,0.016982758417725563,4.5357090066820875,-0.9737452268600464,0.0021823700517416
stream_20260726_232920,194,1785079805.11969,upper_to_right,move the robot from the uppermost vessel to the right side,82.45680236816406,57.12421417236328,0.1707199513912201,0.9853196144104004,4.208682482585853,1.0800058841705322,0.032761380076408386
stream_20260726_232920,202,1785079806.5257401,upper_to_right,move the robot from the uppermost vessel to the right side,82.5478744506836,55.134151458740234,0.9995002746582031,0.03160933032631874,4.79046342678763,1.0629476308822632,0.15327635407447815
stream_20260726_232920,211,1785079808.115904,upper_to_right,move the robot from the uppermost vessel to the right side,82.54745483398438,55.1134147644043,0.23401108384132385,0.9722338914871216,4.799282708811934,1.077488899230957,-0.04133141413331032
stream_20260726_232920,215,1785079809.226202,upper_to_right,move the robot from the uppermost vessel to the right side,82.43138122558594,55.031002044677734,-0.020235484465956688,-0.9997951984405518,4.73369843562166,1.0922988653182983,-0.13646723330020905
stream_20260726_232920,222,1785079810.450359,upper_to_right,move the robot from the uppermost vessel to the right side,82.43097686767578,55.01106262207031,-0.012568946927785873,-0.9999210238456726,4.742721597388007,1.0598702430725098,-0.03714386001229286
stream_20260726_232920,240,1785079813.575062,return_to_left,Go back to the start from the nearest way,82.43097686767578,55.011024475097656,-0.012661825865507126,-0.9999198317527771,4.742739605876725,-1.0324223041534424,0.04387594759464264
stream_20260726_232920,248,1785079815.0152588,return_to_left,Go back to the start from the nearest way,82.43254852294922,55.135650634765625,-0.9999364018440247,0.011280467733740807,4.686596353974993,-1.0686334371566772,-0.017648672685027122
stream_20260726_232920,256,1785079816.425694,return_to_left,Go back to the start from the nearest way,82.43103790283203,55.01601028442383,-0.01262622233480215,-0.9999202489852905,4.740441750957201,-1.0587290525436401,-0.03376242145895958
stream_20260726_232920,264,1785079817.8656309,return_to_left,Go back to the start from the nearest way,82.43189239501953,55.011016845703125,-0.9999374747276306,0.011182202957570553,4.7435503126611165,-1.0296719074249268,-0.020647339522838593
stream_20260726_232920,272,1785079819.315742,return_to_left,Go back to the start from the nearest way,77.95201110839844,52.80746078491211,-0.9991714358329773,0.040700238198041916,4.452521988391709,-1.0892317295074463,-0.17990745604038239
stream_20260726_232920,508,1785079862.705079,lower_to_right,move the robot from the lowermost vessel to the right side,81.11289978027344,58.89168930053711,0.7997374534606934,-0.6003498435020447,3.300202859126651,1.0211764574050903,0.15050490200519562
stream_20260726_232920,517,1785079864.328911,lower_to_right,move the robot from the lowermost vessel to the right side,82.57904815673828,57.153594970703125,-0.050823844969272614,-0.9987077116966248,4.330121461695138,0.934324324131012,0.08657461404800415
stream_20260726_232920,524,1785079865.519022,lower_to_right,move the robot from the lowermost vessel to the right side,82.69929504394531,57.25178146362305,0.01264073047786951,0.9999200701713562,4.449295400587486,0.9818395972251892,0.1763211488723755
stream_20260726_232920,532,1785079867.3251479,lower_to_right,move the robot from the lowermost vessel to the right side,82.69929504394531,57.2518196105957,0.01264073047786951,0.9999200701713562,4.449295416024771,-0.007686187047511339,-0.0062543428502976894
stream_20260726_232920,550,1785079870.340222,return_to_left,Go back to the start from the nearest way,82.5793685913086,57.253360748291016,-0.01271246001124382,-0.9999192357063293,4.329369895728296,-1.002427101135254,0.010711724869906902
stream_20260726_232920,558,1785079871.718966,return_to_left,Go back to the start from the nearest way,82.5793685913086,57.253353118896484,-0.012713469564914703,-0.9999191761016846,4.329369889812568,-1.0712460279464722,-0.03070368990302086
stream_20260726_232920,566,1785079873.1248682,return_to_left,Go back to the start from the nearest way,82.5793685913086,57.253353118896484,-0.012745937332510948,-0.9999187588691711,4.329369889812568,-0.9532089233398438,-0.09619764983654022
stream_20260726_233433,151,1785080122.05195,upper_to_right,move the robot from the uppermost vessel to the right side,82.33688354492188,57.983612060546875,0.4950818419456482,0.8688462972640991,4.152204687287589,1.0159990787506104,-0.032083962112665176
stream_20260726_233433,166,1785080124.691926,return_to_left,Go back to the start from the nearest way,82.92603302001953,56.251861572265625,0.8847473859786987,-0.4660709798336029,4.781376906836882,-0.9936668276786804,0.06342723220586777
stream_20260726_233433,175,1785080126.536532,return_to_left,Go back to the start from the nearest way,82.80722045898438,56.25313949584961,-0.998982310295105,-0.04510326683521271,4.664974724103093,-1.0348707437515259,0.04333336278796196
stream_20260726_233433,183,1785080127.9521852,return_to_left,Go back to the start from the nearest way,80.26921081542969,56.412513732910156,-0.9996695518493652,-0.025708995759487152,2.185999900437396,-1.053581714630127,-0.04148293286561966
stream_20260726_233433,1133,1785080302.625986,upper_to_right,move the robot from the uppermost vessel to the right side,80.5342788696289,57.029701232910156,-0.6389724612236023,-0.7692295908927917,2.2948772300527143,1.029259443283081,0.11002029478549957
stream_20260726_233433,1141,1785080304.070186,upper_to_right,move the robot from the uppermost vessel to the right side,80.77294921875,56.87667465209961,0.01250612735748291,0.9999217391014099,2.5504204703883993,1.0954934358596802,0.04650132358074188
stream_20260726_233433,1150,1785080305.683933,upper_to_right,move the robot from the uppermost vessel to the right side,80.74683380126953,54.780250549316406,0.013703634962439537,0.9999060034751892,3.5119569160674464,1.0493654012680054,-0.07518967986106873
stream_20260726_233433,1156,1785080307.165313,upper_to_right,move the robot from the uppermost vessel to the right side,80.74527740478516,54.6555290222168,0.9999399781227112,-0.010956209152936935,3.59967901088287,1.0355223417282104,0.08410798758268356
stream_20260726_233433,1164,1785080308.609498,upper_to_right,move the robot from the uppermost vessel to the right side,80.74527740478516,54.6555290222168,0.9999399781227112,-0.010956209152936935,3.59967901088287,1.021456003189087,0.01913919672369957
stream_20260726_233433,1182,1785080311.699092,return_to_left,Go back to the start from the nearest way,80.74527740478516,54.6555290222168,0.9999399781227112,-0.010956209152936935,3.59967901088287,-0.9546237587928772,0.009130766615271568
stream_20260726_233433,1190,1785080313.149737,return_to_left,Go back to the start from the nearest way,80.74527740478516,54.6555290222168,-0.9999403953552246,0.01091672945767641,3.59967901088287,-0.7315873503684998,0.007250557653605938
stream_20260726_233433,1199,1785080314.74976,return_to_left,Go back to the start from the nearest way,80.74527740478516,54.6555290222168,-0.9999403953552246,0.01091672945767641,3.59967901088287,-1.0483055114746094,0.007291310932487249
stream_20260726_233433,1208,1785080316.35064,return_to_left,Go back to the start from the nearest way,80.74527740478516,54.6555290222168,-0.9999403953552246,0.01091672945767641,3.59967901088287,-0.9558773636817932,-0.3676350712776184
stream_20260726_233433,1556,1785080379.79367,lower_to_right,move the robot from the lowermost vessel to the right side,78.32586669921875,59.120880126953125,0.7162758708000183,-0.6978171467781067,1.872417743314373,1.0176163911819458,-0.1298220008611679
stream_20260726_233433,1562,1785080381.160013,lower_to_right,move the robot from the lowermost vessel to the right side,80.53335571289062,57.02967071533203,0.9995415806770325,0.030276639387011528,2.2939612693488427,-0.014468320645391941,0.002852781442925334
stream_20260726_233433,1571,1785080382.7590442,lower_to_right,move the robot from the lowermost vessel to the right side,80.53272247314453,56.90484619140625,-0.9800443053245544,-0.1987793743610382,2.308669105997188,1.0084564685821533,0.08192580193281174
stream_20260726_233433,1579,1785080384.1736162,lower_to_right,move the robot from the lowermost vessel to the right side,80.62894439697266,56.90364074707031,0.9999215602874756,-0.012526769191026688,2.4040260347961304,-0.022036826238036156,-0.008306567557156086
stream_20260726_233433,1596,1785080387.123085,return_to_left,Go back to the start from the nearest way,80.65299987792969,56.90333938598633,0.9999216794967651,-0.012512441724538803,2.427876025384828,-1.0343499183654785,-0.12791697680950165
stream_20260726_233433,1604,1785080388.543637,return_to_left,Go back to the start from the nearest way,80.65301513671875,56.904335021972656,-0.012470338493585587,-0.9999222159385681,2.4277491683314563,-1.011743426322937,-0.04581241309642792
stream_20260726_233433,1612,1785080389.97411,return_to_left,Go back to the start from the nearest way,80.67704772949219,56.903038024902344,-0.999921977519989,0.012493075802922249,2.451722515578965,-1.072713851928711,0.05740809813141823
stream_20260726_233433,1621,1785080391.583574,return_to_left,Go back to the start from the nearest way,80.77325439453125,56.90183639526367,0.9999216794967651,-0.012510012835264206,2.5471612895896993,-1.0796293020248413,-0.03649056702852249
stream_20260726_233433,1629,1785080393.012815,return_to_left,Go back to the start from the nearest way,80.77325439453125,56.90183639526367,0.9999216794967651,-0.012510012835264206,2.5471612895896993,-1.0642863512039185,-0.020963530987501144
stream_20260726_233433,1637,1785080394.454157,return_to_left,Go back to the start from the nearest way,76.0656967163086,56.71021270751953,-0.9999282360076904,0.011982941068708897,2.2500113680309384,-1.082997441291809,-0.016969673335552216
