stage,frame_index,video_pts_seconds,x_px,y_px
1,338,11.266666666666667,154.5,577.5
1,339,11.3,153.5,579.5
1,340,11.333333333333334,153.5,579.5
1,341,11.366666666666667,153.5,579.5
1,342,11.4,153.5,579.5
1,343,11.433333333333334,153.5,579.5
1,344,11.466666666666667,153.5,571.5
1,345,11.5,153.5,567.5
1,346,11.533333333333333,153.5,567.5
1,347,11.566666666666666,154.5,564.5
1,348,11.6,154.5,556.5
1,349,11.633333333333333,154.5,558.5
1,350,11.666666666666666,154.5,558.5
1,351,11.7,154.5,558.5
1,352,11.733333333333333,154.5,559.5
1,353,11.766666666666667,154.5,559.5
1,354,11.8,154.5,561.5
1,355,11.833333333333334,154.5,561.5
1,356,11.866666666666667,156.5,563.5
1,357,11.9,156.5,567.5
1,358,11.933333333333334,156.5,568.0
1,359,11.966666666666667,155.5,569.5
1,360,12.0,155.5,569.5
1,361,12.033333333333333,155.5,569.5
1,362,12.066666666666666,155.5,569.5
1,363,12.1,155.5,569.5
1,364,12.133333333333333,155.5,569.5
1,365,12.166666666666666,155.5,569.5
1,366,12.2,155.5,569.5
1,367,12.233333333333333,155.5,569.5
1,368,12.266666666666667,155.5,571.5
1,369,12.3,155.5,571.5
1,370,12.333333333333334,155.5,571.5
1,371,12.366666666666667,155.5,571.5
1,372,12.4,155.5,571.5
1,373,12.433333333333334,155.5,571.5
1,374,12.466666666666667,155.5,571.5
1,375,12.5,155.5,571.5
1,376,12.533333333333333,155.5,571.5
1,377,12.566666666666666,155.5,571.5
1,378,12.6,155.5,571.5
1,379,12.633333333333333,155.5,571.5
1,380,12.666666666666666,155.5,571.5
1,381,12.7,155.5,571.5
1,382,12.733333333333333,155.5,569.5
1,383,12.766666666666667,156.5,565.5
1,384,12.8,157.5,561.5
1,385,12.833333333333334,159.5,557.5
1,386,12.866666666666667,159.5,555.5
1,387,12.9,157.5,553.5
1,388,12.933333333333334,157.5,549.5
1,389,12.966666666666667,157.5,545.5
1,390,13.0,157.5,543.5
1,391,13.033333333333333,157.5,539.5
1,392,13.066666666666666,159.5,531.5
1,393,13.1,159.5,527.5
1,394,13.133333333333333,157.5,527.5
1,395,13.166666666666666,157.5,523.5
1,396,13.2,159.5,517.5
1,397,13.233333333333333,161.5,515.5
1,398,13.266666666666667,163.5,513.5
1,399,13.3,164.5,514.5
1,400,13.333333333333334,166.5,512.5
1,401,13.366666666666667,166.5,512.5
1,402,13.4,166.5,510.5
1,403,13.433333333333334,167.0,510.5
1,404,13.466666666666667,169.0,508.5
1,405,13.5,169.5,506.5
1,406,13.533333333333333,169.5,506.5
1,407,13.566666666666666,171.5,506.5
1,408,13.6,180.5,504.5
1,409,13.633333333333333,184.5,498.5
1,410,13.666666666666666,186.5,496.5
1,411,13.7,185.5,496.5
1,412,13.733333333333333,185.5,490.5
1,413,13.766666666666667,185.5,488.5
1,414,13.8,187.5,486.5
1,415,13.833333333333334,188.5,482.5
1,416,13.866666666666667,194.5,474.5
1,417,13.9,196.5,472.5
1,418,13.933333333333334,198.5,470.5
1,419,13.966666666666667,199.5,469.5
1,420,14.0,202.5,464.5
1,421,14.033333333333333,204.5,462.5
1,422,14.066666666666666,206.5,460.5
1,423,14.1,206.5,458.5
1,424,14.133333333333333,209.5,452.5
1,425,14.166666666666666,211.5,448.5
1,426,14.2,213.5,446.5
1,427,14.233333333333333,216.5,445.5
1,428,14.266666666666667,218.5,441.5
1,429,14.3,220.5,439.5
1,430,14.333333333333334,222.5,437.5
1,431,14.366666666666667,222.5,437.5
1,432,14.4,224.5,431.5
1,433,14.433333333333334,226.5,429.5
1,434,14.466666666666667,228.5,427.5
1,435,14.5,230.5,425.5
1,436,14.533333333333333,234.5,417.5
1,437,14.566666666666666,238.5,413.5
1,438,14.6,240.5,411.5
1,439,14.633333333333333,242.5,408.5
1,440,14.666666666666666,244.5,404.5
1,441,14.7,246.5,404.5
1,442,14.733333333333333,248.0,402.5
1,443,14.766666666666667,248.5,401.5
1,444,14.8,250.5,397.5
1,445,14.833333333333334,252.5,395.5
1,446,14.866666666666667,254.5,393.5
1,447,14.9,254.5,388.5
1,448,14.933333333333334,260.5,382.5
1,449,14.966666666666667,262.5,380.5
1,450,15.0,264.5,380.5
1,451,15.033333333333333,266.5,378.5
1,452,15.066666666666666,270.5,374.5
1,453,15.1,272.5,372.5
1,454,15.133333333333333,274.5,370.5
1,455,15.166666666666666,276.5,368.5
1,456,15.2,280.5,364.5
1,457,15.233333333333333,282.5,362.5
1,458,15.266666666666667,284.5,360.5
1,459,15.3,286.5,357.5
1,460,15.333333333333334,294.5,353.5
1,461,15.366666666666667,296.5,351.5
1,462,15.4,296.5,351.5
1,463,15.433333333333334,298.5,350.5
1,464,15.466666666666667,303.5,346.5
1,465,15.5,305.5,344.5
1,466,15.533333333333333,307.5,342.5
1,467,15.566666666666666,308.5,341.5
1,468,15.6,312.5,337.5
1,469,15.633333333333333,314.5,335.5
1,470,15.666666666666666,318.5,333.5
1,471,15.7,322.0,331.5
1,472,15.733333333333333,328.0,327.5
1,473,15.766666666666667,329.0,327.5
1,474,15.8,330.5,325.5
1,475,15.833333333333334,332.5,325.5
1,476,15.866666666666667,336.5,322.5
1,477,15.9,338.5,320.5
1,478,15.933333333333334,338.5,320.5
1,479,15.966666666666667,340.5,319.0
1,480,16.0,348.5,314.5
1,481,16.033333333333335,352.5,312.5
1,482,16.066666666666666,356.5,312.5
1,483,16.1,359.0,311.5
1,484,16.133333333333333,365.5,312.5
1,485,16.166666666666668,367.0,312.5
1,486,16.2,367.5,310.5
1,487,16.233333333333334,368.0,309.5
1,488,16.266666666666666,369.5,307.5
1,489,16.3,371.0,305.5
1,490,16.333333333333332,371.5,305.5
1,491,16.366666666666667,371.5,303.5
1,492,16.4,378.5,301.5
1,493,16.433333333333334,380.5,299.5
1,494,16.466666666666665,384.5,295.5
1,495,16.5,391.0,293.5
1,496,16.533333333333335,398.5,292.5
1,497,16.566666666666666,400.5,290.5
1,498,16.6,402.0,290.5
1,499,16.633333333333333,403.0,289.5
1,500,16.666666666666668,405.5,289.5
1,501,16.7,407.0,287.5
1,502,16.733333333333334,409.0,287.5
1,503,16.766666666666666,409.5,286.5
1,504,16.8,417.5,281.5
1,505,16.833333333333332,423.5,281.5
1,506,16.866666666666667,427.5,279.5
1,507,16.9,433.5,279.5
1,508,16.933333333333334,438.5,278.5
1,509,16.966666666666665,438.5,278.5
1,510,17.0,440.5,278.5
1,511,17.033333333333335,439.5,277.5
1,512,17.066666666666666,442.0,275.5
1,513,17.1,443.5,273.5
1,514,17.133333333333333,445.5,273.5
1,515,17.166666666666668,449.5,272.5
1,516,17.2,463.5,269.5
1,517,17.233333333333334,465.5,269.5
1,518,17.266666666666666,461.5,269.5
1,519,17.3,460.5,271.5
1,520,17.333333333333332,469.5,271.5
1,521,17.366666666666667,471.5,271.5
1,522,17.4,473.5,271.5
1,523,17.433333333333334,476.5,270.5
1,524,17.466666666666665,480.5,270.5
1,525,17.5,482.5,270.5
1,526,17.533333333333335,484.5,270.5
1,527,17.566666666666666,487.5,270.5
1,528,17.6,495.5,271.5
1,529,17.633333333333333,501.5,269.5
1,530,17.666666666666668,505.5,271.5
1,531,17.7,505.5,271.5
1,532,17.733333333333334,511.5,272.5
1,533,17.766666666666666,513.5,272.5
1,534,17.8,513.5,272.5
1,535,17.833333333333332,515.5,271.5
1,536,17.866666666666667,521.5,269.5
1,537,17.9,523.5,271.5
1,538,17.933333333333334,526.0,271.5
1,539,17.966666666666665,529.5,271.5
1,540,18.0,541.5,269.5
1,541,18.033333333333335,543.5,269.5
1,542,18.066666666666666,543.5,267.5
1,543,18.1,544.0,267.5
1,544,18.133333333333333,549.5,265.5
1,545,18.166666666666668,550.0,265.5
1,546,18.2,552.0,265.5
1,547,18.233333333333334,552.0,265.5
1,548,18.266666666666666,556.0,265.5
1,549,18.3,558.0,267.0
1,550,18.333333333333332,561.5,266.5
1,551,18.366666666666667,561.5,267.0
1,552,18.4,572.0,267.5
1,553,18.433333333333334,574.0,267.5
1,554,18.466666666666665,576.0,267.0
1,555,18.5,576.0,267.0
1,556,18.533333333333335,581.5,265.5
1,557,18.566666666666666,583.5,265.5
1,558,18.6,584.5,265.5
1,559,18.633333333333333,584.0,265.5
1,560,18.666666666666668,590.0,265.5
1,561,18.7,593.5,265.5
1,562,18.733333333333334,597.5,265.5
1,563,18.766666666666666,597.5,266.0
1,564,18.8,603.5,266.0
1,565,18.833333333333332,606.0,267.0
1,566,18.866666666666667,608.0,267.0
1,567,18.9,608.0,267.0
1,568,18.933333333333334,612.0,267.0
1,569,18.966666666666665,614.0,267.0
1,570,19.0,616.0,267.0
1,571,19.033333333333335,616.0,267.0
1,572,19.066666666666666,622.0,267.0
1,573,19.1,626.0,267.0
1,574,19.133333333333333,631.5,267.0
1,575,19.166666666666668,631.0,267.0
1,576,19.2,637.0,268.0
1,577,19.233333333333334,638.0,268.0
1,578,19.266666666666666,640.0,268.0
1,579,19.3,640.0,268.0
1,580,19.333333333333332,642.0,268.0
1,581,19.366666666666667,644.0,268.0
1,582,19.4,645.0,268.0
1,583,19.433333333333334,645.0,268.0
1,584,19.466666666666665,650.0,269.0
1,585,19.5,652.0,269.0
1,586,19.533333333333335,653.0,269.0
1,587,19.566666666666666,653.0,269.0
1,588,19.6,656.0,269.0
1,589,19.633333333333333,657.0,269.0
1,590,19.666666666666668,657.0,269.0
1,591,19.7,657.0,269.0
1,592,19.733333333333334,657.0,269.0
1,593,19.766666666666666,658.0,269.0
1,594,19.8,658.0,269.0
1,595,19.833333333333332,717.5,273.5
1,596,19.866666666666667,727.5,274.5
1,597,19.9,731.5,274.5
1,598,19.933333333333334,735.5,274.5
1,599,19.966666666666665,735.5,274.5
1,600,20.0,739.5,274.5
1,601,20.033333333333335,741.5,274.5
1,602,20.066666666666666,742.0,274.5
1,603,20.1,741.5,274.5
1,604,20.133333333333333,747.5,276.5
1,605,20.166666666666668,749.5,276.5
1,606,20.2,751.5,276.5
1,607,20.233333333333334,758.5,276.5
1,608,20.266666666666666,768.5,278.5
1,609,20.3,772.5,280.5
1,610,20.333333333333332,774.5,282.5
1,611,20.366666666666667,776.5,281.5
1,612,20.4,780.5,282.5
1,613,20.433333333333334,782.5,282.5
1,614,20.466666666666665,784.5,284.5
1,615,20.5,785.5,284.5
1,616,20.533333333333335,791.5,285.5
1,617,20.566666666666666,793.5,287.5
1,618,20.6,795.5,287.5
1,619,20.633333333333333,799.0,289.5
1,620,20.666666666666668,807.5,293.5
1,621,20.7,809.5,295.5
1,622,20.733333333333334,811.5,295.5
1,623,20.766666666666666,814.5,297.5
1,624,20.8,819.5,299.5
1,625,20.833333333333332,819.5,299.5
1,626,20.866666666666667,821.5,299.5
1,627,20.9,822.5,301.5
1,628,20.933333333333334,828.5,303.5
1,629,20.966666666666665,830.5,305.5
1,630,21.0,834.5,305.5
1,631,21.033333333333335,838.5,308.5
1,632,21.066666666666666,846.5,313.5
1,633,21.1,848.5,313.5
1,634,21.133333333333333,850.5,315.5
1,635,21.166666666666668,851.5,315.5
1,636,21.2,855.5,318.5
1,637,21.233333333333334,857.5,318.5
1,638,21.266666666666666,859.5,320.0
1,639,21.3,861.5,320.5
1,640,21.333333333333332,867.5,324.5
1,641,21.366666666666667,869.5,326.5
1,642,21.4,875.5,330.5
1,643,21.433333333333334,877.5,331.5
1,644,21.466666666666665,883.5,335.5
1,645,21.5,883.5,337.5
1,646,21.533333333333335,885.5,337.5
1,647,21.566666666666666,886.5,339.5
1,648,21.6,889.0,341.5
1,649,21.633333333333333,890.5,343.5
1,650,21.666666666666668,892.5,343.5
1,651,21.7,894.5,344.5
1,652,21.733333333333334,901.5,349.5
1,653,21.766666666666666,903.5,349.5
1,654,21.8,907.5,353.5
1,655,21.833333333333332,909.5,358.5
1,656,21.866666666666667,913.5,362.5
1,657,21.9,913.5,362.5
1,658,21.933333333333334,915.5,364.5
1,659,21.966666666666665,916.5,363.5
1,660,22.0,921.0,368.5
1,661,22.033333333333335,922.5,370.5
1,662,22.066666666666666,924.5,370.5
1,663,22.1,924.5,370.5
1,664,22.133333333333333,930.5,376.5
1,665,22.166666666666668,932.5,378.5
1,666,22.2,936.5,382.5
1,667,22.233333333333334,936.5,383.0
1,668,22.266666666666666,938.5,386.5
1,669,22.3,938.5,387.0
1,670,22.333333333333332,940.5,389.0
1,671,22.366666666666667,945.5,394.5
1,672,22.4,949.5,398.5
1,673,22.433333333333334,951.5,398.5
1,674,22.466666666666665,953.5,400.5
1,675,22.5,953.5,400.5
1,676,22.533333333333335,957.5,408.5
1,677,22.566666666666666,955.5,408.5
1,678,22.6,955.5,410.5
1,679,22.633333333333333,955.5,410.5
1,680,22.666666666666668,961.5,416.5
1,681,22.7,961.5,417.0
1,682,22.733333333333334,955.5,419.0
1,683,22.766666666666666,960.5,427.5
1,684,22.8,965.5,431.5
1,685,22.833333333333332,965.5,433.5
1,686,22.866666666666667,967.5,433.5
1,687,22.9,968.5,434.5
1,688,22.933333333333334,972.5,436.5
1,689,22.966666666666665,972.5,438.5
1,690,23.0,974.5,440.5
1,691,23.033333333333335,978.5,442.5
1,692,23.066666666666666,988.5,451.5
1,693,23.1,990.5,453.5
1,694,23.133333333333333,990.5,455.5
1,695,23.166666666666668,990.5,458.5
1,696,23.2,992.5,462.5
1,697,23.233333333333334,992.5,462.5
1,698,23.266666666666666,994.5,464.5
1,699,23.3,994.5,465.5
1,700,23.333333333333332,997.5,467.5
1,701,23.366666666666667,999.5,469.5
1,702,23.4,1001.5,473.5
1,703,23.433333333333334,1005.5,477.5
1,704,23.466666666666665,1011.5,487.5
1,705,23.5,1013.5,489.5
1,706,23.533333333333335,1015.5,489.5
1,707,23.566666666666666,1015.5,490.5
1,708,23.6,1017.5,492.5
1,709,23.633333333333333,1015.5,490.5
1,710,23.666666666666668,1009.5,486.5
1,711,23.7,1010.5,482.5
1,712,23.733333333333334,1010.5,482.5
1,713,23.766666666666666,1008.5,482.5
1,714,23.8,1004.5,482.5
1,715,23.833333333333332,1006.5,481.5
1,716,23.866666666666667,1011.5,487.5
1,717,23.9,1013.5,489.5
1,718,23.933333333333334,1013.5,491.5
1,719,23.966666666666665,1015.5,492.5
1,720,24.0,1018.5,497.5
1,721,24.033333333333335,1020.5,497.5
1,722,24.066666666666666,1022.5,499.5
1,723,24.1,1022.5,501.5
1,724,24.133333333333333,1027.5,506.5
1,725,24.166666666666668,1029.5,508.5
1,726,24.2,1031.5,512.5
1,727,24.233333333333334,1031.5,512.5
1,728,24.266666666666666,1035.5,516.5
1,729,24.3,1035.5,516.5
1,730,24.333333333333332,1037.5,516.5
1,731,24.366666666666667,1042.5,522.5
1,732,24.4,1046.5,526.5
1,733,24.433333333333334,1048.5,526.5
1,734,24.466666666666665,1050.5,528.5
1,735,24.5,1053.5,528.5
1,736,24.533333333333335,1061.5,533.5
1,737,24.566666666666666,1063.5,535.5
1,738,24.6,1065.5,537.5
1,739,24.633333333333333,1065.5,537.5
1,740,24.666666666666668,1069.5,539.5
1,741,24.7,1069.5,539.5
1,742,24.733333333333334,1071.5,539.5
1,743,24.766666666666666,1074.5,544.5
1,744,24.8,1071.5,545.5
1,745,24.833333333333332,1069.5,545.5
1,746,24.866666666666667,1069.5,545.5
1,747,24.9,1069.5,545.5
1,748,24.933333333333334,1065.0,548.5
1,749,24.966666666666665,1065.5,550.5
1,750,25.0,1067.5,550.5
1,751,25.033333333333335,1069.5,551.5
1,752,25.066666666666666,1071.5,551.5
1,753,25.1,1073.0,553.5
1,754,25.133333333333333,1073.0,553.5
1,755,25.166666666666668,1073.5,553.5
1,756,25.2,1075.5,557.5
1,757,25.233333333333334,1077.5,559.5
1,758,25.266666666666666,1079.5,563.5
1,759,25.3,1079.5,563.5
1,760,25.333333333333332,1079.5,573.5
1,761,25.366666666666667,1077.5,573.5
1,762,25.4,1077.5,573.5
1,763,25.433333333333334,1077.5,573.5
1,764,25.466666666666665,1077.5,573.5
1,765,25.5,1077.5,573.5
1,766,25.533333333333335,1077.5,573.5
1,767,25.566666666666666,1077.5,573.5
1,768,25.6,1077.5,575.5
1,769,25.633333333333333,1077.5,575.5
1,770,25.666666666666668,1077.5,575.5
1,771,25.7,1081.5,580.5
1,772,25.733333333333334,1081.5,578.5
1,773,25.766666666666666,1081.5,578.5
1,774,25.8,1081.5,578.5
1,775,25.833333333333332,1081.5,578.5
1,776,25.866666666666667,1081.5,578.5
1,777,25.9,1079.5,576.5
1,778,25.933333333333334,1077.5,570.5
1,779,25.966666666666665,1077.5,570.5
1,780,26.0,1077.5,566.5
1,781,26.033333333333335,1077.5,564.5
1,782,26.066666666666666,1073.5,562.5
1,783,26.1,1073.5,562.5
1,784,26.133333333333333,1077.5,560.5
1,785,26.166666666666668,1079.5,560.5
1,786,26.2,1079.5,560.5
1,787,26.233333333333334,1079.5,560.5
1,788,26.266666666666666,1079.5,560.5
1,789,26.3,1079.5,560.5
1,790,26.333333333333332,1079.5,560.5
1,791,26.366666666666667,1079.5,560.5
1,792,26.4,1079.5,560.5
1,793,26.433333333333334,1079.5,560.5
1,794,26.466666666666665,1079.5,558.5
1,795,26.5,1079.5,558.5
1,796,26.533333333333335,1079.5,558.5
1,797,26.566666666666666,1079.5,558.5
1,798,26.6,1077.5,560.5
1,799,26.633333333333333,1077.5,560.5
1,800,26.666666666666668,1078.5,560.5
1,801,26.7,1079.5,560.5
1,802,26.733333333333334,1079.5,560.5
1,803,26.766666666666666,1079.5,560.5
1,804,26.8,1079.5,558.5
1,805,26.833333333333332,1079.5,558.5
1,806,26.866666666666667,1079.5,558.5
1,807,26.9,1079.5,558.5
1,808,26.933333333333334,1077.5,558.5
1,809,26.966666666666665,1077.5,558.5
1,810,27.0,1077.5,558.5
1,811,27.033333333333335,1077.5,558.5
1,812,27.066666666666666,1077.5,558.5
1,813,27.1,1077.5,558.5
1,814,27.133333333333333,1079.5,558.5
1,815,27.166666666666668,1079.5,558.5
1,816,27.2,1079.5,558.5
1,817,27.233333333333334,1079.5,558.5
1,818,27.266666666666666,1079.5,558.5
1,819,27.3,1079.5,558.5
1,820,27.333333333333332,1077.5,558.5
1,821,27.366666666666667,1077.5,558.5
1,822,27.4,1077.5,558.5
1,823,27.433333333333334,1077.5,558.5
1,824,27.466666666666665,1077.5,558.5
1,825,27.5,1077.5,558.5
1,826,27.533333333333335,1079.5,558.5
1,827,27.566666666666666,1079.5,558.5
1,828,27.6,1079.5,558.5
1,829,27.633333333333333,1079.5,558.5
1,830,27.666666666666668,1079.5,558.5
1,831,27.7,1079.5,558.5
1,832,27.733333333333334,1079.5,558.5
1,833,27.766666666666666,1077.5,558.5
1,834,27.8,1077.5,558.5
1,835,27.833333333333332,1077.5,558.5
1,836,27.866666666666667,1077.5,560.5
1,837,27.9,1079.5,558.5
1,838,27.933333333333334,1079.5,560.5
1,839,27.966666666666665,1079.5,560.5
1,840,28.0,1079.5,558.5
1,841,28.033333333333335,1077.5,558.5
1,842,28.066666666666666,1077.5,558.5
1,843,28.1,1077.5,558.5
1,844,28.133333333333333,1077.5,560.5
1,845,28.166666666666668,1077.5,560.5
1,846,28.2,1077.5,560.5
1,847,28.233333333333334,1077.5,560.5
1,848,28.266666666666666,1077.5,560.5
2,1055,35.166666666666664,1077.5,558.5
2,1056,35.2,1079.5,558.5
2,1057,35.233333333333334,1079.5,558.5
2,1058,35.266666666666666,1079.5,558.5
2,1059,35.3,1079.5,558.5
2,1060,35.333333333333336,1079.5,558.5
2,1061,35.36666666666667,1079.5,558.5
2,1062,35.4,1079.5,558.5
2,1063,35.43333333333333,1079.5,558.5
2,1064,35.46666666666667,1079.5,558.5
2,1065,35.5,1079.5,558.5
2,1066,35.53333333333333,1079.5,558.5
2,1067,35.56666666666667,1079.5,558.5
2,1068,35.6,1079.5,558.5
2,1069,35.63333333333333,1079.5,558.5
2,1070,35.666666666666664,1079.5,558.5
2,1071,35.7,1079.5,558.5
2,1072,35.733333333333334,1073.5,558.5
2,1073,35.766666666666666,1071.5,556.5
2,1074,35.8,1069.5,556.5
2,1075,35.833333333333336,1069.5,547.5
2,1076,35.86666666666667,1065.5,544.5
2,1077,35.9,1063.5,544.5
2,1078,35.93333333333333,1061.5,542.5
2,1079,35.96666666666667,1059.5,541.5
2,1080,36.0,1051.5,541.5
2,1081,36.03333333333333,1047.5,539.5
2,1082,36.06666666666667,1043.5,541.5
2,1083,36.1,1040.5,540.5
2,1084,36.13333333333333,1034.5,540.5
2,1085,36.166666666666664,1032.5,540.5
2,1086,36.2,1032.5,540.5
2,1087,36.233333333333334,1031.5,540.5
2,1088,36.266666666666666,1026.5,540.5
2,1089,36.3,1024.5,542.5
2,1090,36.333333333333336,1022.5,542.5
2,1091,36.36666666666667,1018.5,542.5
2,1092,36.4,1008.5,541.5
2,1093,36.43333333333333,1004.5,541.5
2,1094,36.46666666666667,1002.5,543.5
2,1095,36.5,999.5,542.5
2,1096,36.53333333333333,993.5,540.5
2,1097,36.56666666666667,993.5,540.5
2,1098,36.6,991.5,542.5
2,1099,36.63333333333333,989.5,542.5
2,1100,36.666666666666664,983.5,544.5
2,1101,36.7,981.5,546.5
2,1102,36.733333333333334,979.5,544.5
2,1103,36.766666666666666,975.5,545.5
2,1104,36.8,962.5,545.5
2,1105,36.833333333333336,960.5,545.5
2,1106,36.86666666666667,958.5,547.5
2,1107,36.9,957.5,548.5
2,1108,36.93333333333333,952.5,549.5
2,1109,36.96666666666667,952.5,549.5
2,1110,37.0,950.5,549.5
2,1111,37.03333333333333,947.5,549.5
2,1112,37.06666666666667,940.5,549.5
2,1113,37.1,938.5,549.5
2,1114,37.13333333333333,938.5,547.5
2,1115,37.166666666666664,935.5,545.5
2,1116,37.2,925.5,537.5
2,1117,37.233333333333334,925.5,537.5
2,1118,37.266666666666666,923.0,537.5
2,1119,37.3,919.5,539.5
2,1120,37.333333333333336,915.5,537.5
2,1121,37.36666666666667,913.5,537.5
2,1122,37.4,911.5,535.5
2,1123,37.43333333333333,908.5,534.5
2,1124,37.46666666666667,900.5,531.5
2,1125,37.5,898.5,531.5
2,1126,37.53333333333333,894.5,529.5
2,1127,37.56666666666667,891.5,529.5
2,1128,37.6,885.5,527.5
2,1129,37.63333333333333,883.5,525.5
2,1130,37.666666666666664,881.5,525.5
2,1131,37.7,879.5,524.5
2,1132,37.733333333333334,875.5,524.5
2,1133,37.766666666666666,873.5,522.5
2,1134,37.8,871.5,522.5
2,1135,37.833333333333336,869.0,522.5
2,1136,37.86666666666667,859.5,520.5
2,1137,37.9,855.5,518.5
2,1138,37.93333333333333,851.5,518.5
2,1139,37.96666666666667,851.5,517.5
2,1140,38.0,845.5,515.5
2,1141,38.03333333333333,843.5,516.0
2,1142,38.06666666666667,841.5,515.5
2,1143,38.1,840.5,514.5
2,1144,38.13333333333333,834.5,513.0
2,1145,38.166666666666664,832.5,513.0
2,1146,38.2,830.5,512.5
2,1147,38.233333333333334,826.5,511.5
2,1148,38.266666666666666,815.5,509.5
2,1149,38.3,813.5,509.5
2,1150,38.333333333333336,811.5,509.5
2,1151,38.36666666666667,808.5,509.5
2,1152,38.4,802.5,507.5
2,1153,38.43333333333333,802.5,507.5
2,1154,38.46666666666667,800.5,507.5
2,1155,38.5,798.5,507.5
2,1156,38.53333333333333,792.5,505.5
2,1157,38.56666666666667,790.5,505.5
2,1158,38.6,784.5,507.5
2,1159,38.63333333333333,781.5,507.5
2,1160,38.666666666666664,771.5,507.5
2,1161,38.7,769.5,505.5
2,1162,38.733333333333334,767.5,505.5
2,1163,38.766666666666666,766.5,503.5
2,1164,38.8,762.5,502.5
2,1165,38.833333333333336,760.5,500.5
2,1166,38.86666666666667,758.5,500.5
2,1167,38.9,756.5,501.5
2,1168,38.93333333333333,747.0,501.5
2,1169,38.96666666666667,742.5,501.5
2,1170,39.0,738.5,501.5
2,1171,39.03333333333333,736.0,501.5
2,1172,39.06666666666667,730.5,501.5
2,1173,39.1,728.5,501.5
2,1174,39.13333333333333,726.5,501.5
2,1175,39.166666666666664,725.5,501.5
2,1176,39.2,719.5,501.5
2,1177,39.233333333333334,717.5,501.5
2,1178,39.266666666666666,715.5,501.5
2,1179,39.3,713.5,501.5
2,1180,39.333333333333336,702.5,501.5
2,1181,39.36666666666667,700.5,503.0
2,1182,39.4,696.5,503.5
2,1183,39.43333333333333,694.5,504.5
2,1184,39.46666666666667,690.5,505.5
2,1185,39.5,688.5,505.5
2,1186,39.53333333333333,686.5,507.5
2,1187,39.56666666666667,685.5,506.5
2,1188,39.6,680.5,506.5
2,1189,39.63333333333333,678.5,508.5
2,1190,39.666666666666664,676.0,508.5
2,1191,39.7,672.5,510.5
2,1192,39.733333333333334,662.5,512.5
2,1193,39.766666666666666,658.5,512.5
2,1194,39.8,656.5,514.5
2,1195,39.833333333333336,655.5,513.5
2,1196,39.86666666666667,651.5,514.5
2,1197,39.9,649.5,514.5
2,1198,39.93333333333333,647.5,514.5
2,1199,39.96666666666667,646.0,515.5
2,1200,40.0,641.5,517.5
2,1201,40.03333333333333,637.5,517.5
2,1202,40.06666666666667,635.5,519.0
2,1203,40.1,631.0,521.5
2,1204,40.13333333333333,620.5,522.5
2,1205,40.166666666666664,618.5,523.5
2,1206,40.2,616.5,524.5
2,1207,40.233333333333334,617.0,524.0
2,1208,40.266666666666666,613.0,525.5
2,1209,40.3,611.0,525.0
2,1210,40.333333333333336,609.0,525.5
2,1211,40.36666666666667,606.5,526.0
2,1212,40.4,600.0,526.5
2,1213,40.43333333333333,596.0,526.5
2,1214,40.46666666666667,592.5,527.5
2,1215,40.5,587.5,528.0
2,1216,40.53333333333333,581.5,528.5
2,1217,40.56666666666667,579.5,528.5
2,1218,40.6,577.5,530.5
2,1219,40.63333333333333,574.5,531.5
2,1220,40.666666666666664,570.5,533.5
2,1221,40.7,568.5,533.5
2,1222,40.733333333333334,566.5,533.5
2,1223,40.766666666666666,564.0,532.5
2,1224,40.8,553.0,533.5
2,1225,40.833333333333336,549.5,533.5
2,1226,40.86666666666667,547.5,533.5
2,1227,40.9,544.5,534.5
2,1228,40.93333333333333,539.5,534.5
2,1229,40.96666666666667,537.5,534.5
2,1230,41.0,535.5,536.5
2,1231,41.03333333333333,534.5,536.5
2,1232,41.06666666666667,528.5,536.5
2,1233,41.1,526.5,536.5
2,1234,41.13333333333333,524.5,536.5
2,1235,41.166666666666664,520.5,537.5
2,1236,41.2,508.5,537.5
2,1237,41.233333333333334,506.5,537.5
2,1238,41.266666666666666,504.5,537.5
2,1239,41.3,501.5,538.5
2,1240,41.333333333333336,497.5,539.5
2,1241,41.36666666666667,495.5,541.5
2,1242,41.4,494.0,541.5
2,1243,41.43333333333333,492.5,540.5
2,1244,41.46666666666667,486.5,541.5
2,1245,41.5,484.5,541.5
2,1246,41.53333333333333,480.5,541.5
2,1247,41.56666666666667,477.0,540.5
2,1248,41.6,467.5,540.5
2,1249,41.63333333333333,465.0,540.5
2,1250,41.666666666666664,463.5,540.5
2,1251,41.7,461.5,542.5
2,1252,41.733333333333334,455.5,542.5
2,1253,41.766666666666666,454.0,542.5
2,1254,41.8,453.0,542.5
2,1255,41.833333333333336,450.5,542.5
2,1256,41.86666666666667,442.0,542.5
2,1257,41.9,437.0,542.5
2,1258,41.93333333333333,434.5,542.5
2,1259,41.96666666666667,430.5,542.5
2,1260,42.0,423.5,542.5
2,1261,42.03333333333333,423.5,542.5
2,1262,42.06666666666667,421.5,542.5
2,1263,42.1,420.0,543.5
2,1264,42.13333333333333,415.0,544.5
2,1265,42.166666666666664,413.0,544.5
2,1266,42.2,411.0,544.5
2,1267,42.233333333333334,407.5,543.5
2,1268,42.266666666666666,397.0,543.5
2,1269,42.3,393.0,543.5
2,1270,42.333333333333336,391.0,545.5
2,1271,42.36666666666667,388.5,544.5
2,1272,42.4,383.0,545.5
2,1273,42.43333333333333,380.5,543.5
2,1274,42.46666666666667,380.0,543.5
2,1275,42.5,378.0,545.5
2,1276,42.53333333333333,373.0,547.5
2,1277,42.56666666666667,370.5,547.5
2,1278,42.6,368.0,547.5
2,1279,42.63333333333333,364.5,548.5
2,1280,42.666666666666664,354.5,548.5
2,1281,42.7,350.5,548.5
2,1282,42.733333333333334,348.5,548.5
2,1283,42.766666666666666,347.5,547.5
2,1284,42.8,341.5,548.5
2,1285,42.833333333333336,341.0,550.5
2,1286,42.86666666666667,339.0,550.5
2,1287,42.9,337.5,551.5
2,1288,42.93333333333333,331.5,550.5
2,1289,42.96666666666667,327.5,550.5
2,1290,43.0,325.0,550.5
2,1291,43.03333333333333,320.5,550.5
2,1292,43.06666666666667,310.5,550.5
2,1293,43.1,310.5,550.5
2,1294,43.13333333333333,308.5,550.5
2,1295,43.166666666666664,307.0,549.5
2,1296,43.2,303.0,547.5
2,1297,43.233333333333334,299.5,549.5
2,1298,43.266666666666666,299.0,549.5
2,1299,43.3,297.0,549.5
2,1300,43.333333333333336,289.0,549.5
2,1301,43.36666666666667,285.5,549.5
2,1302,43.4,281.0,551.5
2,1303,43.43333333333333,276.5,549.5
2,1304,43.46666666666667,270.5,551.5
2,1305,43.5,268.5,551.5
2,1306,43.53333333333333,266.5,551.5
2,1307,43.56666666666667,265.0,551.5
2,1308,43.6,261.0,551.5
2,1309,43.63333333333333,259.0,551.5
2,1310,43.666666666666664,257.0,551.5
2,1311,43.7,254.0,552.5
2,1312,43.733333333333334,244.5,554.5
2,1313,43.766666666666666,240.5,552.5
2,1314,43.8,236.5,552.5
2,1315,43.833333333333336,234.0,552.5
2,1316,43.86666666666667,229.5,552.5
2,1317,43.9,227.5,552.5
2,1318,43.93333333333333,225.5,552.5
2,1319,43.96666666666667,224.0,551.5
2,1320,44.0,218.5,553.5
2,1321,44.03333333333333,216.5,553.5
2,1322,44.06666666666667,214.5,553.5
2,1323,44.1,211.0,553.5
2,1324,44.13333333333333,200.5,552.5
2,1325,44.166666666666664,196.5,552.5
2,1326,44.2,194.5,552.5
2,1327,44.233333333333334,193.5,552.5
2,1328,44.266666666666666,187.5,552.5
2,1329,44.3,187.5,552.5
2,1330,44.333333333333336,185.5,552.5
2,1331,44.36666666666667,183.5,553.5
2,1332,44.4,177.5,553.5
2,1333,44.43333333333333,175.0,553.5
2,1334,44.46666666666667,171.5,553.5
2,1335,44.5,167.5,553.5
2,1336,44.53333333333333,157.5,553.5
2,1337,44.56666666666667,155.5,553.5
2,1338,44.6,153.5,553.5
2,1339,44.63333333333333,152.5,554.5
2,1340,44.666666666666664,148.5,553.0
2,1341,44.7,146.5,553.0
2,1342,44.733333333333334,144.5,553.0
2,1343,44.766666666666666,145.5,554.5
2,1344,44.8,137.5,554.5
2,1345,44.833333333333336,133.5,554.5
2,1346,44.86666666666667,129.5,554.5
2,1347,44.9,129.5,554.5
2,1348,44.93333333333333,125.0,554.5
2,1349,44.96666666666667,125.0,554.5
2,1350,45.0,125.0,554.5
2,1351,45.03333333333333,123.0,554.5
2,1352,45.06666666666667,123.0,554.5
2,1353,45.1,123.0,554.5
2,1354,45.13333333333333,123.0,556.5
2,1355,45.166666666666664,122.5,555.5
2,1356,45.2,122.0,556.5
2,1357,45.233333333333334,120.5,556.5
2,1358,45.266666666666666,120.5,556.5
2,1359,45.3,120.5,556.5
2,1360,45.333333333333336,122.5,558.5
2,1361,45.36666666666667,122.5,558.5
2,1362,45.4,122.5,558.5
2,1363,45.43333333333333,122.5,560.5
2,1364,45.46666666666667,122.5,560.5
2,1365,45.5,122.5,560.5
2,1366,45.53333333333333,122.5,558.5
2,1367,45.56666666666667,123.5,559.5
2,1368,45.6,121.5,557.5
2,1369,45.63333333333333,121.5,557.5
2,1370,45.666666666666664,121.5,557.5
2,1371,45.7,122.5,556.5
2,1372,45.733333333333334,122.5,556.5
2,1373,45.766666666666666,122.5,556.5
2,1374,45.8,122.5,556.5
2,1375,45.833333333333336,122.5,556.5
2,1376,45.86666666666667,122.5,556.5
2,1377,45.9,122.5,556.5
2,1378,45.93333333333333,122.5,556.5
2,1379,45.96666666666667,122.5,557.5
2,1380,46.0,124.5,557.5
2,1381,46.03333333333333,122.5,555.5
2,1382,46.06666666666667,122.5,555.5
2,1383,46.1,123.0,556.5
2,1384,46.13333333333333,123.0,556.5
2,1385,46.166666666666664,123.0,556.5
2,1386,46.2,123.0,556.5
2,1387,46.233333333333334,123.0,557.5
2,1388,46.266666666666666,123.0,558.5
2,1389,46.3,123.0,558.5
2,1390,46.333333333333336,123.0,558.5
3,1609,53.63333333333333,125.5,559.5
3,1610,53.666666666666664,125.5,559.5
3,1611,53.7,126.5,558.5
3,1612,53.733333333333334,126.5,558.5
3,1613,53.766666666666666,126.5,558.5
3,1614,53.8,126.5,558.5
3,1615,53.833333333333336,126.5,558.5
3,1616,53.86666666666667,125.5,559.5
3,1617,53.9,125.5,559.5
3,1618,53.93333333333333,125.5,559.5
3,1619,53.96666666666667,126.5,558.5
3,1620,54.0,127.5,566.5
3,1621,54.03333333333333,127.5,568.5
3,1622,54.06666666666667,127.5,570.5
3,1623,54.1,127.5,570.5
3,1624,54.13333333333333,127.5,574.5
3,1625,54.166666666666664,129.5,578.5
3,1626,54.2,129.5,580.5
3,1627,54.233333333333334,129.5,583.5
3,1628,54.266666666666666,131.5,585.5
3,1629,54.3,133.5,587.5
3,1630,54.333333333333336,133.5,587.5
3,1631,54.36666666666667,135.5,589.5
3,1632,54.4,140.5,591.5
3,1633,54.43333333333333,144.5,593.5
3,1634,54.46666666666667,146.5,595.5
3,1635,54.5,145.5,595.5
3,1636,54.53333333333333,149.5,596.5
3,1637,54.56666666666667,149.5,598.5
3,1638,54.6,149.5,598.5
3,1639,54.63333333333333,150.5,598.5
3,1640,54.666666666666664,152.5,600.5
3,1641,54.7,152.5,602.5
3,1642,54.733333333333334,154.5,602.5
3,1643,54.766666666666666,157.0,603.5
3,1644,54.8,165.5,611.5
3,1645,54.833333333333336,167.0,613.5
3,1646,54.86666666666667,167.5,613.5
3,1647,54.9,168.5,613.5
3,1648,54.93333333333333,170.5,617.5
3,1649,54.96666666666667,172.5,619.5
3,1650,55.0,172.5,619.5
3,1651,55.03333333333333,173.5,621.5
3,1652,55.06666666666667,177.5,626.5
3,1653,55.1,179.5,630.5
3,1654,55.13333333333333,181.5,632.5
3,1655,55.166666666666664,184.5,635.5
3,1656,55.2,187.5,639.5
3,1657,55.233333333333334,189.5,641.5
3,1658,55.266666666666666,189.5,641.5
3,1659,55.3,190.5,641.5
3,1660,55.333333333333336,194.5,645.5
3,1661,55.36666666666667,194.5,647.5
3,1662,55.4,194.5,649.5
3,1663,55.43333333333333,196.5,650.5
3,1664,55.46666666666667,200.5,658.5
3,1665,55.5,204.5,660.5
3,1666,55.53333333333333,206.5,664.5
3,1667,55.56666666666667,208.5,666.5
3,1668,55.6,210.5,670.5
3,1669,55.63333333333333,212.5,672.5
3,1670,55.666666666666664,212.5,674.5
3,1671,55.7,212.5,674.5
3,1672,55.733333333333334,216.5,679.0
3,1673,55.766666666666666,216.5,680.5
3,1674,55.8,218.5,682.5
3,1675,55.833333333333336,222.5,686.5
3,1676,55.86666666666667,226.5,690.5
3,1677,55.9,228.5,692.5
3,1678,55.93333333333333,230.5,694.5
3,1679,55.96666666666667,232.5,694.0
3,1680,56.0,236.0,695.0
3,1681,56.03333333333333,236.5,696.5
3,1682,56.06666666666667,236.5,696.5
3,1683,56.1,238.5,699.5
3,1684,56.13333333333333,242.0,703.5
3,1685,56.166666666666664,244.5,705.0
3,1686,56.2,248.5,707.0
3,1687,56.233333333333334,253.0,709.5
3,1688,56.266666666666666,261.5,713.5
3,1689,56.3,263.5,715.5
3,1690,56.333333333333336,263.5,715.5
3,1691,56.36666666666667,265.0,716.5
3,1692,56.4,264.5,720.5
3,1693,56.43333333333333,264.5,722.5
3,1694,56.46666666666667,264.5,724.5
3,1695,56.5,263.5,725.5
3,1696,56.53333333333333,267.5,733.5
3,1697,56.56666666666667,271.5,735.5
3,1698,56.6,273.5,739.5
3,1699,56.63333333333333,274.0,739.5
3,1700,56.666666666666664,277.5,743.5
3,1701,56.7,278.0,745.5
3,1702,56.733333333333334,279.5,745.5
3,1703,56.766666666666666,283.5,751.5
3,1704,56.8,285.5,752.5
3,1705,56.833333333333336,287.5,754.5
3,1706,56.86666666666667,289.5,754.5
3,1707,56.9,289.5,756.5
3,1708,56.93333333333333,296.5,762.5
3,1709,56.96666666666667,302.5,766.5
3,1710,57.0,304.5,768.5
3,1711,57.03333333333333,307.5,771.5
3,1712,57.06666666666667,310.5,773.5
3,1713,57.1,312.5,775.5
3,1714,57.13333333333333,312.5,775.5
3,1715,57.166666666666664,314.5,776.5
3,1716,57.2,316.5,780.5
3,1717,57.233333333333334,318.0,782.5
3,1718,57.266666666666666,319.0,782.5
3,1719,57.3,321.5,785.5
3,1720,57.333333333333336,331.5,794.5
3,1721,57.36666666666667,335.5,796.5
3,1722,57.4,335.5,796.5
3,1723,57.43333333333333,338.0,798.5
3,1724,57.46666666666667,340.5,802.5
3,1725,57.5,342.5,802.5
3,1726,57.53333333333333,342.5,803.0
3,1727,57.56666666666667,343.5,804.5
3,1728,57.6,347.5,806.5
3,1729,57.63333333333333,349.5,808.5
3,1730,57.666666666666664,351.5,810.5
3,1731,57.7,354.5,814.5
3,1732,57.733333333333334,364.5,818.5
3,1733,57.766666666666666,368.5,820.5
3,1734,57.8,368.5,820.5
3,1735,57.833333333333336,370.5,821.5
3,1736,57.86666666666667,374.0,823.5
3,1737,57.9,376.0,824.0
3,1738,57.93333333333333,376.5,824.0
3,1739,57.96666666666667,378.5,825.5
3,1740,58.0,383.0,827.5
3,1741,58.03333333333333,386.5,829.5
3,1742,58.06666666666667,390.5,831.5
3,1743,58.1,393.5,833.5
3,1744,58.13333333333333,402.5,835.5
3,1745,58.166666666666664,404.5,836.0
3,1746,58.2,406.5,837.5
3,1747,58.233333333333334,407.5,838.5
3,1748,58.266666666666666,411.5,840.5
3,1749,58.3,411.5,840.5
3,1750,58.333333333333336,413.5,840.5
3,1751,58.36666666666667,413.5,840.5
3,1752,58.4,420.5,842.5
3,1753,58.43333333333333,426.5,845.0
3,1754,58.46666666666667,430.5,846.5
3,1755,58.5,435.5,849.0
3,1756,58.53333333333333,441.5,849.5
3,1757,58.56666666666667,443.5,849.5
3,1758,58.6,443.5,851.5
3,1759,58.63333333333333,445.5,849.5
3,1760,58.666666666666664,449.5,851.5
3,1761,58.7,451.5,852.0
3,1762,58.733333333333334,453.5,853.5
3,1763,58.766666666666666,455.5,853.5
3,1764,58.8,466.5,857.0
3,1765,58.833333333333336,472.5,858.5
3,1766,58.86666666666667,474.5,857.0
3,1767,58.9,477.5,858.0
3,1768,58.93333333333333,479.5,857.5
3,1769,58.96666666666667,475.0,853.5
3,1770,59.0,475.5,854.0
3,1771,59.03333333333333,475.5,859.5
3,1772,59.06666666666667,477.0,859.5
3,1773,59.1,477.5,859.5
3,1774,59.13333333333333,479.0,859.5
3,1775,59.166666666666664,479.5,859.5
3,1776,59.2,482.5,860.0
3,1777,59.233333333333334,482.5,860.0
3,1778,59.266666666666666,482.5,860.0
3,1779,59.3,482.5,860.5
3,1780,59.333333333333336,484.5,861.5
3,1781,59.36666666666667,484.5,861.5
3,1782,59.4,486.5,861.5
3,1783,59.43333333333333,488.5,861.5
3,1784,59.46666666666667,490.5,861.0
3,1785,59.5,488.5,860.5
3,1786,59.53333333333333,488.5,860.5
3,1787,59.56666666666667,488.5,860.0
3,1788,59.6,488.5,860.0
3,1789,59.63333333333333,488.5,860.0
3,1790,59.666666666666664,488.5,861.5
3,1791,59.7,487.5,862.0
3,1792,59.733333333333334,488.5,862.5
3,1793,59.766666666666666,490.5,862.5
3,1794,59.8,492.5,862.5
3,1795,59.833333333333336,493.5,862.5
3,1796,59.86666666666667,497.5,862.5
3,1797,59.9,497.5,862.5
3,1798,59.93333333333333,497.5,862.5
3,1799,59.96666666666667,497.5,862.5
3,1800,60.0,491.5,862.5
3,1801,60.03333333333333,493.5,862.5
3,1802,60.06666666666667,497.5,862.5
3,1803,60.1,501.5,863.5
3,1804,60.13333333333333,505.5,863.5
3,1805,60.166666666666664,507.5,863.5
3,1806,60.2,509.5,863.5
3,1807,60.233333333333334,509.5,864.0
3,1808,60.266666666666666,513.5,865.5
3,1809,60.3,517.5,865.5
3,1810,60.333333333333336,519.5,866.0
3,1811,60.36666666666667,521.5,867.5
3,1812,60.4,533.5,869.5
3,1813,60.43333333333333,537.5,867.5
3,1814,60.46666666666667,539.5,867.5
3,1815,60.5,542.5,869.5
3,1816,60.53333333333333,546.5,870.5
3,1817,60.56666666666667,548.5,870.5
3,1818,60.6,548.5,870.5
3,1819,60.63333333333333,549.5,870.5
3,1820,60.666666666666664,553.5,870.5
3,1821,60.7,557.0,870.5
3,1822,60.733333333333334,559.5,870.5
3,1823,60.766666666666666,563.5,869.5
3,1824,60.8,577.5,870.5
3,1825,60.833333333333336,579.5,870.5
3,1826,60.86666666666667,581.5,870.5
3,1827,60.9,583.5,870.5
3,1828,60.93333333333333,586.5,870.5
3,1829,60.96666666666667,590.5,870.5
3,1830,61.0,592.5,870.5
3,1831,61.03333333333333,593.5,871.5
3,1832,61.06666666666667,600.5,871.5
3,1833,61.1,602.5,873.5
3,1834,61.13333333333333,608.5,873.5
3,1835,61.166666666666664,610.5,872.5
3,1836,61.2,620.5,871.5
3,1837,61.233333333333334,622.5,871.5
3,1838,61.266666666666666,622.5,871.5
3,1839,61.3,625.5,870.5
3,1840,61.333333333333336,629.5,870.5
3,1841,61.36666666666667,633.5,870.5
3,1842,61.4,635.5,870.5
3,1843,61.43333333333333,637.5,870.5
3,1844,61.46666666666667,646.5,870.5
3,1845,61.5,650.5,870.5
3,1846,61.53333333333333,656.5,868.5
3,1847,61.56666666666667,659.5,868.5
3,1848,61.6,664.5,868.5
3,1849,61.63333333333333,666.5,866.5
3,1850,61.666666666666664,668.5,866.5
3,1851,61.7,670.5,866.5
3,1852,61.733333333333334,674.5,866.5
3,1853,61.766666666666666,676.5,866.5
3,1854,61.8,678.5,866.5
3,1855,61.833333333333336,680.5,866.5
3,1856,61.86666666666667,688.5,866.5
3,1857,61.9,694.5,864.5
3,1858,61.93333333333333,698.5,864.5
3,1859,61.96666666666667,701.5,862.5
3,1860,62.0,704.5,862.5
3,1861,62.03333333333333,706.5,862.5
3,1862,62.06666666666667,708.5,860.5
3,1863,62.1,711.5,860.5
3,1864,62.13333333333333,716.5,860.5
3,1865,62.166666666666664,718.5,860.5
3,1866,62.2,720.5,860.5
3,1867,62.233333333333334,723.5,860.0
3,1868,62.266666666666666,734.5,856.5
3,1869,62.3,740.5,854.5
3,1870,62.333333333333336,742.5,852.5
3,1871,62.36666666666667,744.5,853.5
3,1872,62.4,746.5,852.5
3,1873,62.43333333333333,748.5,852.5
3,1874,62.46666666666667,748.5,852.5
3,1875,62.5,748.5,851.5
3,1876,62.53333333333333,751.0,851.5
3,1877,62.56666666666667,752.5,851.5
3,1878,62.6,754.5,851.5
3,1879,62.63333333333333,757.5,850.5
3,1880,62.666666666666664,766.0,846.5
3,1881,62.7,765.5,846.5
3,1882,62.733333333333334,764.0,846.5
3,1883,62.766666666666666,765.5,847.5
3,1884,62.8,766.5,847.5
3,1885,62.833333333333336,766.5,847.5
3,1886,62.86666666666667,766.5,847.5
3,1887,62.9,766.5,847.5
3,1888,62.93333333333333,768.5,847.5
3,1889,62.96666666666667,768.5,847.5
3,1890,63.0,770.5,847.5
3,1891,63.03333333333333,772.5,846.5
3,1892,63.06666666666667,774.5,844.5
3,1893,63.1,774.5,844.5
3,1894,63.13333333333333,774.5,844.5
3,1895,63.166666666666664,775.5,843.0
3,1896,63.2,776.0,842.0
3,1897,63.233333333333334,777.5,842.0
3,1898,63.266666666666666,777.5,842.0
3,1899,63.3,777.5,843.5
3,1900,63.333333333333336,780.5,843.5
3,1901,63.36666666666667,780.5,842.0
3,1902,63.4,782.5,841.5
3,1903,63.43333333333333,784.5,841.5
3,1904,63.46666666666667,785.5,840.5
3,1905,63.5,784.0,838.5
3,1906,63.53333333333333,785.5,836.5
3,1907,63.56666666666667,787.5,831.5
3,1908,63.6,787.0,831.5
3,1909,63.63333333333333,789.5,829.5
3,1910,63.666666666666664,789.5,827.5
3,1911,63.7,790.0,827.5
3,1912,63.733333333333334,788.5,828.5
3,1913,63.766666666666666,790.5,828.5
3,1914,63.8,792.5,826.5
3,1915,63.833333333333336,796.0,826.5
3,1916,63.86666666666667,799.5,825.5
3,1917,63.9,801.5,825.5
3,1918,63.93333333333333,803.5,825.5
3,1919,63.96666666666667,804.0,826.5
3,1920,64.0,809.5,826.5
3,1921,64.03333333333333,811.5,826.5
3,1922,64.06666666666666,815.5,826.5
3,1923,64.1,819.5,826.5
3,1924,64.13333333333334,826.5,822.5
3,1925,64.16666666666667,830.5,820.5
3,1926,64.2,834.0,818.5
3,1927,64.23333333333333,834.5,818.5
3,1928,64.26666666666667,840.5,814.5
3,1929,64.3,842.5,814.5
3,1930,64.33333333333333,844.0,812.5
3,1931,64.36666666666666,842.0,812.0
3,1932,64.4,848.5,809.5
3,1933,64.43333333333334,852.5,808.0
3,1934,64.46666666666667,852.5,807.5
3,1935,64.5,852.5,807.5
3,1936,64.53333333333333,860.5,803.0
3,1937,64.56666666666666,862.5,801.5
3,1938,64.6,864.5,801.0
3,1939,64.63333333333334,871.5,796.0
3,1940,64.66666666666667,874.5,794.0
3,1941,64.7,876.5,793.5
3,1942,64.73333333333333,878.5,792.0
3,1943,64.76666666666667,879.5,790.5
3,1944,64.8,886.0,786.5
3,1945,64.83333333333333,890.0,784.5
3,1946,64.86666666666666,891.5,784.5
3,1947,64.9,893.5,782.0
3,1948,64.93333333333334,900.5,773.5
3,1949,64.96666666666667,902.5,774.0
3,1950,65.0,902.5,773.5
3,1951,65.03333333333333,904.5,773.5
3,1952,65.06666666666666,908.5,769.5
3,1953,65.1,910.5,768.0
3,1954,65.13333333333334,912.5,767.5
3,1955,65.16666666666667,912.5,766.5
3,1956,65.2,916.5,763.5
3,1957,65.23333333333333,916.5,761.5
3,1958,65.26666666666667,918.5,761.5
3,1959,65.3,918.0,759.5
3,1960,65.33333333333333,920.5,752.5
3,1961,65.36666666666666,922.5,748.5
3,1962,65.4,924.5,746.5
3,1963,65.43333333333334,925.5,747.5
3,1964,65.46666666666667,931.5,746.0
3,1965,65.5,933.5,745.5
3,1966,65.53333333333333,933.5,744.0
3,1967,65.56666666666666,935.5,744.5
3,1968,65.6,944.5,734.5
3,1969,65.63333333333334,946.5,730.5
3,1970,65.66666666666667,948.5,728.5
3,1971,65.7,948.5,728.0
3,1972,65.73333333333333,952.5,720.5
3,1973,65.76666666666667,954.5,720.5
3,1974,65.8,954.5,719.0
3,1975,65.83333333333333,955.5,718.5
3,1976,65.86666666666666,959.5,714.5
3,1977,65.9,961.5,712.5
3,1978,65.93333333333334,963.5,711.0
3,1979,65.96666666666667,964.5,708.5
3,1980,66.0,968.5,700.5
3,1981,66.03333333333333,970.5,696.5
3,1982,66.06666666666666,972.5,694.5
3,1983,66.1,972.5,693.5
3,1984,66.13333333333334,974.5,690.0
3,1985,66.16666666666667,975.0,689.5
3,1986,66.2,976.5,687.5
3,1987,66.23333333333333,978.5,685.0
3,1988,66.26666666666667,980.5,682.5
3,1989,66.3,982.5,678.5
3,1990,66.33333333333333,984.5,674.5
3,1991,66.36666666666666,988.5,672.5
3,1992,66.4,993.5,665.5
3,1993,66.43333333333334,993.5,663.5
3,1994,66.46666666666667,995.5,661.5
3,1995,66.5,996.5,660.5
3,1996,66.53333333333333,998.5,657.5
3,1997,66.56666666666666,999.0,655.5
3,1998,66.6,1000.5,655.5
3,1999,66.63333333333334,1001.5,652.5
3,2000,66.66666666666667,1005.5,648.5
3,2001,66.7,1007.5,644.5
3,2002,66.73333333333333,1011.5,640.5
3,2003,66.76666666666667,1013.0,638.5
3,2004,66.8,1015.5,634.5
3,2005,66.83333333333333,1017.5,632.5
3,2006,66.86666666666666,1017.5,632.5
3,2007,66.9,1019.5,629.5
3,2008,66.93333333333334,1023.5,625.5
3,2009,66.96666666666667,1025.5,623.5
3,2010,67.0,1025.5,623.5
3,2011,67.03333333333333,1027.5,623.5
3,2012,67.06666666666666,1033.5,617.5
3,2013,67.1,1037.5,611.5
3,2014,67.13333333333334,1037.5,609.5
3,2015,67.16666666666667,1040.5,607.5
3,2016,67.2,1045.5,603.5
3,2017,67.23333333333333,1045.5,603.5
3,2018,67.26666666666667,1047.5,603.5
3,2019,67.3,1048.5,601.5
3,2020,67.33333333333333,1053.5,599.5
3,2021,67.36666666666666,1055.5,597.5
3,2022,67.4,1057.5,597.5
3,2023,67.43333333333334,1062.5,593.5
3,2024,67.46666666666667,1068.5,589.5
3,2025,67.5,1070.5,587.5
3,2026,67.53333333333333,1070.5,585.5
3,2027,67.56666666666666,1071.5,586.5
3,2028,67.6,1073.5,583.5
3,2029,67.63333333333334,1075.5,581.5
3,2030,67.66666666666667,1075.5,579.5
3,2031,67.7,1075.5,579.5
3,2032,67.73333333333333,1079.0,577.5
3,2033,67.76666666666667,1079.5,577.5
3,2034,67.8,1079.5,577.5
3,2035,67.83333333333333,1079.5,577.5
3,2036,67.86666666666666,1079.5,577.5
3,2037,67.9,1079.0,577.5
3,2038,67.93333333333334,1079.0,577.5
3,2039,67.96666666666667,1079.0,577.5
3,2040,68.0,1079.0,575.5
3,2041,68.03333333333333,1079.0,575.5
3,2042,68.06666666666666,1079.0,577.5
3,2043,68.1,1079.0,577.5
3,2044,68.13333333333334,1079.0,577.5
3,2045,68.16666666666667,1079.0,577.5
3,2046,68.2,1079.0,577.5
3,2047,68.23333333333333,1079.0,577.5
3,2048,68.26666666666667,1079.0,577.5
3,2049,68.3,1079.0,577.5
3,2050,68.33333333333333,1079.0,577.5
3,2051,68.36666666666666,1079.0,577.5
3,2052,68.4,1079.0,577.5
3,2053,68.43333333333334,1079.0,577.5
3,2054,68.46666666666667,1079.5,577.5
3,2055,68.5,1079.5,577.5
3,2056,68.53333333333333,1079.5,577.5
3,2057,68.56666666666666,1079.5,577.5
3,2058,68.6,1079.0,577.5
3,2059,68.63333333333334,1079.0,577.5
3,2060,68.66666666666667,1079.0,577.5
3,2061,68.7,1079.0,575.5
3,2062,68.73333333333333,1079.5,577.5
3,2063,68.76666666666667,1079.5,577.5
3,2064,68.8,1079.5,577.5
3,2065,68.83333333333333,1079.5,577.5
3,2066,68.86666666666666,1079.5,577.5
3,2067,68.9,1079.5,577.5
3,2068,68.93333333333334,1079.5,577.5
3,2069,68.96666666666667,1079.5,577.5
3,2070,69.0,1079.5,577.5
3,2071,69.03333333333333,1079.5,577.5
3,2072,69.06666666666666,1079.5,577.5
3,2073,69.1,1079.5,577.5
3,2074,69.13333333333334,1079.5,577.5
3,2075,69.16666666666667,1079.5,577.5
3,2076,69.2,1079.5,577.5
3,2077,69.23333333333333,1079.5,577.5
3,2078,69.26666666666667,1079.5,575.5
3,2079,69.3,1079.5,575.5
3,2080,69.33333333333333,1079.5,575.5
3,2081,69.36666666666666,1079.5,575.5
3,2082,69.4,1079.5,575.5
3,2083,69.43333333333334,1079.5,575.5
3,2084,69.46666666666667,1079.5,577.5
3,2085,69.5,1079.5,577.5
3,2086,69.53333333333333,1079.5,577.5
3,2087,69.56666666666666,1079.5,577.5
3,2088,69.6,1079.5,577.5
3,2089,69.63333333333334,1079.5,577.5
3,2090,69.66666666666667,1079.5,577.5
4,2245,74.83333333333333,1079.0,577.5
4,2246,74.86666666666666,1079.0,577.5
4,2247,74.9,1079.0,577.5
4,2248,74.93333333333334,1079.0,577.5
4,2249,74.96666666666667,1079.0,577.5
4,2250,75.0,1079.0,577.5
4,2251,75.03333333333333,1079.0,577.5
4,2252,75.06666666666666,1079.0,577.5
4,2253,75.1,1079.0,577.5
4,2254,75.13333333333334,1079.0,577.5
4,2255,75.16666666666667,1079.0,577.5
4,2256,75.2,1079.0,577.5
4,2257,75.23333333333333,1079.0,577.5
4,2258,75.26666666666667,1079.0,577.5
4,2259,75.3,1079.0,577.5
4,2260,75.33333333333333,1077.5,577.5
4,2261,75.36666666666666,1077.0,577.5
4,2262,75.4,1075.5,577.5
4,2263,75.43333333333334,1074.5,576.5
4,2264,75.46666666666667,1071.5,575.5
4,2265,75.5,1069.5,575.5
4,2266,75.53333333333333,1067.5,573.5
4,2267,75.56666666666666,1067.5,573.5
4,2268,75.6,1063.5,573.5
4,2269,75.63333333333334,1061.5,573.5
4,2270,75.66666666666667,1057.5,573.5
4,2271,75.7,1052.5,574.5
4,2272,75.73333333333333,1042.5,572.5
4,2273,75.76666666666667,1040.5,572.5
4,2274,75.8,1040.5,572.5
4,2275,75.83333333333333,1035.5,572.5
4,2276,75.86666666666666,1031.5,572.5
4,2277,75.9,1029.5,574.5
4,2278,75.93333333333334,1027.5,574.5
4,2279,75.96666666666667,1026.5,574.5
4,2280,76.0,1018.5,574.5
4,2281,76.03333333333333,1016.5,574.5
4,2282,76.06666666666666,1012.5,574.5
4,2283,76.1,1007.5,574.5
4,2284,76.13333333333334,1000.5,574.5
4,2285,76.16666666666667,998.5,574.5
4,2286,76.2,996.5,576.5
4,2287,76.23333333333333,995.5,575.5
4,2288,76.26666666666667,991.5,573.5
4,2289,76.3,989.5,573.5
4,2290,76.33333333333333,987.5,573.5
4,2291,76.36666666666666,984.5,571.5
4,2292,76.4,976.5,569.5
4,2293,76.43333333333334,972.5,569.5
4,2294,76.46666666666667,968.5,567.5
4,2295,76.5,965.5,567.5
4,2296,76.53333333333333,960.5,568.5
4,2297,76.56666666666666,958.5,568.5
4,2298,76.6,956.5,568.5
4,2299,76.63333333333334,955.5,567.5
4,2300,76.66666666666667,950.5,568.5
4,2301,76.7,948.5,568.5
4,2302,76.73333333333333,946.5,568.5
4,2303,76.76666666666667,942.5,569.5
4,2304,76.8,933.5,571.5
4,2305,76.83333333333333,931.5,571.5
4,2306,76.86666666666666,929.5,573.5
4,2307,76.9,925.5,575.5
4,2308,76.93333333333334,921.5,577.5
4,2309,76.96666666666667,919.5,579.5
4,2310,77.0,919.5,579.5
4,2311,77.03333333333333,915.5,581.5
4,2312,77.06666666666666,909.5,585.5
4,2313,77.1,907.5,585.5
4,2314,77.13333333333334,907.5,585.5
4,2315,77.16666666666667,903.5,587.5
4,2316,77.2,895.5,592.5
4,2317,77.23333333333333,891.5,596.5
4,2318,77.26666666666667,889.5,598.5
4,2319,77.3,888.5,597.5
4,2320,77.33333333333333,884.5,600.5
4,2321,77.36666666666666,884.0,600.5
4,2322,77.4,882.5,602.5
4,2323,77.43333333333334,881.5,603.5
4,2324,77.46666666666667,877.0,606.5
4,2325,77.5,875.0,608.5
4,2326,77.53333333333333,871.5,608.5
4,2327,77.56666666666666,866.5,611.5
4,2328,77.6,859.5,616.5
4,2329,77.63333333333334,857.5,618.5
4,2330,77.66666666666667,855.5,618.5
4,2331,77.7,853.5,618.5
4,2332,77.73333333333333,849.5,619.5
4,2333,77.76666666666667,847.5,621.5
4,2334,77.8,845.0,621.5
4,2335,77.83333333333333,842.5,623.5
4,2336,77.86666666666666,834.5,625.5
4,2337,77.9,830.5,627.0
4,2338,77.93333333333334,826.5,629.0
4,2339,77.96666666666667,823.0,630.5
4,2340,78.0,818.5,632.5
4,2341,78.03333333333333,816.5,634.0
4,2342,78.06666666666666,814.5,634.5
4,2343,78.1,812.5,635.5
4,2344,78.13333333333334,808.5,636.5
4,2345,78.16666666666667,806.5,638.0
4,2346,78.2,802.5,638.0
4,2347,78.23333333333333,801.0,638.5
4,2348,78.26666666666667,789.5,642.0
4,2349,78.3,787.0,642.5
4,2350,78.33333333333333,785.0,642.5
4,2351,78.36666666666666,783.5,642.5
4,2352,78.4,777.5,644.5
4,2353,78.43333333333334,777.0,644.5
4,2354,78.46666666666667,775.0,644.5
4,2355,78.5,773.5,645.5
4,2356,78.53333333333333,767.5,646.5
4,2357,78.56666666666666,765.0,646.5
4,2358,78.6,761.5,648.5
4,2359,78.63333333333334,754.5,649.0
4,2360,78.66666666666667,745.0,650.5
4,2361,78.7,744.5,652.5
4,2362,78.73333333333333,740.5,652.5
4,2363,78.76666666666667,741.0,652.5
4,2364,78.8,737.5,654.5
4,2365,78.83333333333333,735.5,654.5
4,2366,78.86666666666666,733.5,656.5
4,2367,78.9,731.5,655.5
4,2368,78.93333333333334,723.5,655.5
4,2369,78.96666666666667,720.0,655.5
4,2370,79.0,715.5,655.5
4,2371,79.03333333333333,711.5,655.5
4,2372,79.06666666666666,705.0,657.5
4,2373,79.1,703.5,657.5
4,2374,79.13333333333334,701.5,655.5
4,2375,79.16666666666667,698.5,657.5
4,2376,79.2,695.0,657.5
4,2377,79.23333333333333,693.0,657.5
4,2378,79.26666666666667,691.0,657.5
4,2379,79.3,685.5,656.5
4,2380,79.33333333333333,675.5,655.5
4,2381,79.36666666666666,671.5,655.5
4,2382,79.4,669.5,655.5
4,2383,79.43333333333334,667.5,655.5
4,2384,79.46666666666667,663.5,655.5
4,2385,79.5,661.5,655.5
4,2386,79.53333333333333,659.0,655.5
4,2387,79.56666666666666,658.5,654.5
4,2388,79.6,653.5,653.5
4,2389,79.63333333333334,649.5,653.5
4,2390,79.66666666666667,647.0,653.5
4,2391,79.7,642.5,655.5
4,2392,79.73333333333333,633.5,655.5
4,2393,79.76666666666667,631.5,655.5
4,2394,79.8,627.5,655.5
4,2395,79.83333333333333,627.0,657.5
4,2396,79.86666666666666,621.5,655.5
4,2397,79.9,621.0,655.5
4,2398,79.93333333333334,619.0,655.5
4,2399,79.96666666666667,616.5,653.5
4,2400,80.0,608.5,653.5
4,2401,80.03333333333333,604.5,653.5
4,2402,80.06666666666666,600.5,653.5
4,2403,80.1,596.5,652.5
4,2404,80.13333333333334,588.5,652.5
4,2405,80.16666666666667,586.5,652.5
4,2406,80.2,584.5,652.5
4,2407,80.23333333333333,583.5,651.5
4,2408,80.26666666666667,579.5,651.5
4,2409,80.3,579.0,651.5
4,2410,80.33333333333333,577.0,653.5
4,2411,80.36666666666666,574.5,653.5
4,2412,80.4,568.5,656.5
4,2413,80.43333333333334,564.5,658.5
4,2414,80.46666666666667,560.5,660.5
4,2415,80.5,556.5,662.5
4,2416,80.53333333333333,552.5,665.5
4,2417,80.56666666666666,550.5,665.5
4,2418,80.6,550.5,667.5
4,2419,80.63333333333334,547.5,670.5
4,2420,80.66666666666667,543.5,674.5
4,2421,80.7,540.0,674.5
4,2422,80.73333333333333,537.5,674.5
4,2423,80.76666666666667,535.5,675.5
4,2424,80.8,525.5,679.5
4,2425,80.83333333333333,521.5,679.5
4,2426,80.86666666666666,519.5,679.5
4,2427,80.9,516.0,680.5
4,2428,80.93333333333334,511.5,678.5
4,2429,80.96666666666667,509.5,678.5
4,2430,81.0,508.0,676.5
4,2431,81.03333333333333,507.5,675.5
4,2432,81.06666666666666,501.5,674.0
4,2433,81.1,499.5,674.0
4,2434,81.13333333333334,494.0,674.0
4,2435,81.16666666666667,489.5,673.5
4,2436,81.2,482.5,673.5
4,2437,81.23333333333333,478.5,673.5
4,2438,81.26666666666667,478.5,673.5
4,2439,81.3,475.5,671.5
4,2440,81.33333333333333,471.0,669.5
4,2441,81.36666666666666,469.5,669.0
4,2442,81.4,467.5,669.0
4,2443,81.43333333333334,463.5,669.0
4,2444,81.46666666666667,455.0,670.5
4,2445,81.5,451.5,672.5
4,2446,81.53333333333333,449.5,672.5
4,2447,81.56666666666666,445.5,673.5
4,2448,81.6,440.5,675.5
4,2449,81.63333333333334,438.5,677.5
4,2450,81.66666666666667,436.5,677.5
4,2451,81.7,434.5,679.5
4,2452,81.73333333333333,429.5,681.5
4,2453,81.76666666666667,428.0,681.5
4,2454,81.8,425.5,681.5
4,2455,81.83333333333333,422.0,680.5
4,2456,81.86666666666666,412.5,681.5
4,2457,81.9,408.5,681.5
4,2458,81.93333333333334,406.5,681.5
4,2459,81.96666666666667,403.0,681.5
4,2460,82.0,398.0,681.5
4,2461,82.03333333333333,396.0,681.5
4,2462,82.06666666666666,394.5,683.5
4,2463,82.1,393.5,683.5
4,2464,82.13333333333334,388.0,685.5
4,2465,82.16666666666667,386.0,685.5
4,2466,82.2,383.0,685.5
4,2467,82.23333333333333,380.5,685.5
4,2468,82.26666666666667,369.0,685.5
4,2469,82.3,367.5,685.5
4,2470,82.33333333333333,365.0,685.5
4,2471,82.36666666666666,361.5,686.0
4,2472,82.4,357.0,688.0
4,2473,82.43333333333334,355.5,688.5
4,2474,82.46666666666667,354.0,688.5
4,2475,82.5,351.5,689.5
4,2476,82.53333333333333,345.0,689.5
4,2477,82.56666666666666,341.0,689.5
4,2478,82.6,337.5,689.5
4,2479,82.63333333333334,334.0,690.5
4,2480,82.66666666666667,325.5,690.5
4,2481,82.7,323.5,690.5
4,2482,82.73333333333333,321.5,690.5
4,2483,82.76666666666667,319.5,691.5
4,2484,82.8,315.5,691.5
4,2485,82.83333333333333,313.5,693.5
4,2486,82.86666666666666,311.5,693.5
4,2487,82.9,309.5,693.0
4,2488,82.93333333333334,302.0,693.0
4,2489,82.96666666666667,299.0,693.0
4,2490,83.0,295.0,693.0
4,2491,83.03333333333333,290.0,693.5
4,2492,83.06666666666666,285.0,693.5
4,2493,83.1,283.0,693.5
4,2494,83.13333333333334,281.0,693.5
4,2495,83.16666666666667,279.5,694.0
4,2496,83.2,275.0,693.0
4,2497,83.23333333333333,273.0,694.0
4,2498,83.26666666666667,271.5,694.0
4,2499,83.3,267.5,695.0
4,2500,83.33333333333333,258.0,695.0
4,2501,83.36666666666666,254.0,695.0
4,2502,83.4,250.0,695.0
4,2503,83.43333333333334,247.5,693.5
4,2504,83.46666666666667,242.0,693.5
4,2505,83.5,240.5,693.5
4,2506,83.53333333333333,238.5,693.5
4,2507,83.56666666666666,237.5,693.5
4,2508,83.6,233.0,694.0
4,2509,83.63333333333334,231.0,694.0
4,2510,83.66666666666667,229.0,693.5
4,2511,83.7,226.5,694.5
4,2512,83.73333333333333,222.5,689.5
4,2513,83.76666666666667,220.5,685.5
4,2514,83.8,218.5,681.5
4,2515,83.83333333333333,214.5,675.5
4,2516,83.86666666666666,211.5,669.5
4,2517,83.9,211.5,669.5
4,2518,83.93333333333334,209.5,667.5
4,2519,83.96666666666667,208.5,665.5
4,2520,84.0,206.5,663.5
4,2521,84.03333333333333,206.0,661.5
4,2522,84.06666666666666,204.5,661.5
4,2523,84.1,204.5,661.5
4,2524,84.13333333333334,200.0,653.5
4,2525,84.16666666666667,198.0,649.5
4,2526,84.2,196.0,645.5
4,2527,84.23333333333333,190.5,641.5
4,2528,84.26666666666667,186.5,635.5
4,2529,84.3,186.5,635.5
4,2530,84.33333333333333,184.5,633.5
4,2531,84.36666666666666,183.5,633.5
4,2532,84.4,181.5,630.5
4,2533,84.43333333333334,179.5,628.5
4,2534,84.46666666666667,177.5,626.5
4,2535,84.5,177.5,625.5
4,2536,84.53333333333333,173.0,619.5
4,2537,84.56666666666666,171.5,617.5
4,2538,84.6,175.5,621.5
4,2539,84.63333333333334,173.0,618.5
4,2540,84.66666666666667,169.0,612.5
4,2541,84.7,168.0,612.5
4,2542,84.73333333333333,167.0,610.5
4,2543,84.76666666666667,167.5,610.5
4,2544,84.8,165.0,607.5
4,2545,84.83333333333333,163.5,607.5
4,2546,84.86666666666666,163.0,605.5
4,2547,84.9,160.5,603.5
4,2548,84.93333333333334,152.5,595.5
4,2549,84.96666666666667,150.5,591.5
4,2550,85.0,148.5,589.5
4,2551,85.03333333333333,147.5,585.5
4,2552,85.06666666666666,144.5,582.5
4,2553,85.1,144.5,582.5
4,2554,85.13333333333334,142.5,580.5
4,2555,85.16666666666667,143.0,579.5
4,2556,85.2,140.5,577.5
4,2557,85.23333333333333,140.5,575.5
4,2558,85.26666666666667,138.5,573.5
4,2559,85.3,135.5,571.5
4,2560,85.33333333333333,126.5,562.5
4,2561,85.36666666666666,126.5,560.5
4,2562,85.4,126.5,558.5
4,2563,85.43333333333334,124.5,555.5
4,2564,85.46666666666667,124.5,552.5
4,2565,85.5,122.5,552.5
4,2566,85.53333333333333,122.5,550.5
4,2567,85.56666666666666,122.5,549.5
4,2568,85.6,122.5,545.5
4,2569,85.63333333333334,122.5,545.5
4,2570,85.66666666666667,122.5,545.5
4,2571,85.7,120.5,544.5
4,2572,85.73333333333333,120.5,544.5
4,2573,85.76666666666667,120.5,544.5
4,2574,85.8,120.5,544.5
4,2575,85.83333333333333,120.5,545.5
4,2576,85.86666666666666,121.0,545.5
4,2577,85.9,121.5,545.5
4,2578,85.93333333333334,121.5,545.5
4,2579,85.96666666666667,122.5,545.5
4,2580,86.0,121.5,545.5
4,2581,86.03333333333333,121.5,545.5
4,2582,86.06666666666666,121.5,545.5
4,2583,86.1,120.5,545.5
4,2584,86.13333333333334,121.5,545.5
4,2585,86.16666666666667,121.5,545.5
4,2586,86.2,121.5,545.5
4,2587,86.23333333333333,122.5,545.5
4,2588,86.26666666666667,122.5,545.5
4,2589,86.3,122.5,545.5
4,2590,86.33333333333333,122.5,545.5
4,2591,86.36666666666666,122.5,545.5
4,2592,86.4,122.5,545.5
4,2593,86.43333333333334,122.5,545.5
4,2594,86.46666666666667,122.5,545.5
4,2595,86.5,121.5,545.5
4,2596,86.53333333333333,121.5,545.5
4,2597,86.56666666666666,121.5,545.5
4,2598,86.6,121.5,545.5
4,2599,86.63333333333334,120.5,545.5
4,2600,86.66666666666667,120.5,545.5
4,2601,86.7,120.5,545.5
4,2602,86.73333333333333,120.5,545.5
4,2603,86.76666666666667,123.0,545.5
4,2604,86.8,123.0,544.5
4,2605,86.83333333333333,123.0,546.5
4,2606,86.86666666666666,123.0,546.5
4,2607,86.9,122.5,544.5
4,2608,86.93333333333334,122.5,544.5
4,2609,86.96666666666667,122.5,544.5
4,2610,87.0,122.5,544.5
4,2611,87.03333333333333,121.5,544.5
4,2612,87.06666666666666,122.5,544.5
4,2613,87.1,122.5,544.5
4,2614,87.13333333333334,122.5,544.5
4,2615,87.16666666666667,123.0,544.5
4,2616,87.2,123.0,544.5
4,2617,87.23333333333333,123.0,544.5
4,2618,87.26666666666667,123.0,544.5
4,2619,87.3,123.0,544.5
4,2620,87.33333333333333,123.0,544.5
4,2621,87.36666666666666,123.0,544.5
4,2622,87.4,123.0,544.5
4,2623,87.43333333333334,122.0,545.5
4,2624,87.46666666666667,123.0,544.5
4,2625,87.5,123.0,544.5
4,2626,87.53333333333333,123.0,544.5
4,2627,87.56666666666666,122.5,544.5
4,2628,87.6,122.5,544.5
4,2629,87.63333333333334,122.5,544.5
