stage,prompt_id,route,frame_order_within_stage,elapsed_time_s,displayed_time_label,instruction
1,Prompt 1,upper_to_right,1,0.00,00.00s,Reach the goal from the upper vessel.
1,Prompt 1,upper_to_right,2,2.07,02.07s,Reach the goal from the upper vessel.
1,Prompt 1,upper_to_right,3,9.26,09.26s,Reach the goal from the upper vessel.
1,Prompt 1,upper_to_right,4,10.99,10.99s,Reach the goal from the upper vessel.
1,Prompt 1,upper_to_right,5,12.83,12.83s,Reach the goal from the upper vessel.
2,Prompt 2,return_to_left,1,15.00,15.00s,Go back to the start from the nearest way
2,Prompt 2,return_to_left,2,17.17,17.17s,Go back to the start from the nearest way
2,Prompt 2,return_to_left,3,19.56,19.56s,Go back to the start from the nearest way
2,Prompt 2,return_to_left,4,22.43,22.43s,Go back to the start from the nearest way
2,Prompt 2,return_to_left,5,23.66,23.66s,Go back to the start from the nearest way
3,Prompt 3,lower_to_right,1,47.21,47.21s,Reach the goal from the lowest vessel.
3,Prompt 3,lower_to_right,2,49.21,49.21s,Reach the goal from the lowest vessel.
3,Prompt 3,lower_to_right,3,53.20,53.20s,Reach the goal from the lowest vessel.
3,Prompt 3,lower_to_right,4,57.13,57.13s,Reach the goal from the lowest vessel.
3,Prompt 3,lower_to_right,5,60.40,60.40s,Reach the goal from the lowest vessel.
4,Prompt 4,return_to_left,1,71.00,71.00s,Go back to the start from the nearest way
4,Prompt 4,return_to_left,2,72.52,72.52s,Go back to the start from the nearest way
4,Prompt 4,return_to_left,3,75.69,75.69s,Go back to the start from the nearest way
4,Prompt 4,return_to_left,4,79.05,79.05s,Go back to the start from the nearest way
4,Prompt 4,return_to_left,5,80.68,80.68s,Go back to the start from the nearest way
